"fit","lwr","upr","NBASalary","No.","Player","Pos.x","Ht","Wt","Birth.Date","X.","Exp","College","playerurls","Salary","Season","Age","Tm","Lg","Pos.y","G","GS","MP","FG","FGA","FGpct","ThreePt","ThreePtAttmpt","ThreePtpct","TwoPt","TwoPtAttmpt","TwoPtpct","eFGpct","FT","FTA","FTpct","ORB","DRB","TRB","AST","STL","BLK","TOV","PF","PTS","CareerG","CareerGS","CareerMP","CareerFG","CareerFGA","Career3P","Career3PA","Career2P","Career2PA","CareerFT","CareerFTA","CareerORB","CareerDRB","CareerTRB","CareerAST","CareerSTL","CareerBLK","CareerTOV","CareerPF","CareerPTS","PlayoffSeason","PlayoffAge","PlayoffTm","PlayoffLg","PlayoffPos","PlayoffG","PlayoffGS","PlayoffMP","PlayoffFG","PlayoffFGA","PlayoffFGpct","Playoff3P","Playoff3PA","Playoff3Ppct","Playoff2P","Playoff2PA","Playoff2Ppct","PlayoffeFGpct","PlayoffFT","PlayoffFTA","PlayoffFTpct","PlayoffORB","PlayoffDRB","PlayoffTRB","PlayoffAST","PlayoffSTL","PlayoffBLK","PlayoffTOV","PlayoffPF","PlayoffPTS","CareerPlayoffG","CareerPlayoffGS","CareerPlayoffMP","CareerPlayoffFG","CareerPlayoffFGA","CareerPlayoff3P","CareerPlayoff3PA","CareerPlayoff2P","CareerPlayoff2PA","CareerPlayoffFT","CareerPlayoffFTA","CareerPlayoffORB","CareerPlayoffDRB","CareerPlayoffTRB","CareerPlayoffAST","CareerPlayoffSTL","CareerPlayoffBLK","CareerPlayoffTOV","CareerPlayoffPF","CareerPlayoffPTS","Year"
1144605.22174534,644607.306782843,1644603.13670784,2022240,33,"Adreian Payne","PF",6.83333333333333,237,"February 19, 1991","us",2,"Michigan State University","http://www.basketball-reference.com/players/p/paynead01.html",2022240,"2015-16",24,"MIN","NBA","PF",52,2,486,53,145,0.366,9,32,0.281,44,113,0.389,0.397,17,26,0.654,20,91,111,29,16,11,36,77,132,84,24,1225,144,365,10,41,134,324,47,72,68,205,273,59,35,20,80,165,345,"0",0,"0","0","0",0,0,0,0,0,0,0,0,0,0,0,0,0,0,0,0,0,0,0,0,0,0,0,0,0,0,0,0,0,0,0,0,0,0,0,0,0,0,0,0,0,0,0,0,0,2016
2827887.64416454,2209090.52255229,3446684.7657768,874636,15,"Alan Williams","PF",6.66666666666667,260,"January 28, 1993","us",1,"University of California, Santa Barbara","http://www.basketball-reference.com/players/w/willial03.html",874636,"2015-16",23,"PHO","NBA","PF",10,0,68,10,24,0.417,0,0,0,10,24,0.417,0.417,9,14,0.643,14,24,38,5,4,5,6,15,29,10,0,68,10,24,0,0,10,24,9,14,14,24,38,5,4,5,6,15,29,"0",0,"0","0","0",0,0,0,0,0,0,0,0,0,0,0,0,0,0,0,0,0,0,0,0,0,0,0,0,0,0,0,0,0,0,0,0,0,0,0,0,0,0,0,0,0,0,0,0,0,2016
6858180.02858645,5684569.13546371,8031790.92170918,1.2e+07,90,"Amir Johnson","PF",6.75,240,"May 1, 1987","us",11,"","http://www.basketball-reference.com/players/j/johnsam01.html",1.2e+07,"2015-16",28,"BOS","NBA","PF",79,76,1800,249,426,0.585,10,43,0.233,239,383,0.624,0.596,69,121,0.57,178,327,505,138,52,83,94,214,577,665,384,15015,2126,3703,58,184,2068,3519,729,1081,1435,2414,3849,755,412,720,755,2076,5039,"2015-16",28,"BOS","NBA","PF",6,6,134,22,33,0.667,0,2,0,22,31,0.71,0.667,7,9,0.778,11,32,43,4,1,8,10,13,51,28,15,493,86,127,0,6,86,121,25,39,38,91,129,16,5,19,31,68,197,2016
2505928.18168454,2033473.18264106,2978383.18072802,6088993,44,"Andrew Nicholson","PF",6.75,250,"December 8, 1989","ca",4,"St. Bonaventure University","http://www.basketball-reference.com/players/n/nichoan01.html",6088993,"2015-16",26,"ORL","NBA","PF",56,0,823,146,310,0.471,41,114,0.36,105,196,0.536,0.537,51,65,0.785,34,167,201,25,10,22,41,69,384,247,36,3738,665,1406,82,244,583,1162,188,241,173,623,796,116,58,89,195,403,1600,"0",0,"0","0","0",0,0,0,0,0,0,0,0,0,0,0,0,0,0,0,0,0,0,0,0,0,0,0,0,0,0,0,0,0,0,0,0,0,0,0,0,0,0,0,0,0,0,0,0,0,2016
2495858.97566913,1943753.57235418,3047964.37898408,1015696,13,"Anthony Bennett","PF",6.66666666666667,245,"March 14, 1993","ca",3,"University of Nevada, Las Vegas","http://www.basketball-reference.com/players/b/bennean01.html",1015696,"2015-16",22,"TOR","NBA","PF",19,0,84,8,27,0.296,3,14,0.214,5,13,0.385,0.352,9,10,0.9,6,17,23,0,5,0,4,8,28,128,3,1641,213,549,23,90,190,459,94,143,107,287,394,65,53,24,87,188,543,"0",0,"0","0","0",0,0,0,0,0,0,0,0,0,0,0,0,0,0,0,0,0,0,0,0,0,0,0,0,0,0,0,0,0,0,0,0,0,0,0,0,0,0,0,0,0,0,0,0,0,2016
11086845.8092251,10390273.6843516,11783417.9340986,22116750,23,"Anthony Davis","PF",6.83333333333333,253,"March 11, 1993","us",4,"University of Kentucky","http://www.basketball-reference.com/players/d/davisan02.html",22116750,"2015-16",22,"NOP","NBA","PF",61,61,2164,560,1136,0.493,35,108,0.324,525,1028,0.511,0.508,326,430,0.758,130,497,627,116,78,125,121,148,1481,260,255,8823,2073,4016,38,135,2035,3881,1214,1556,675,1843,2518,433,342,626,414,647,5398,"0",0,"0","0","0",0,0,0,0,0,0,0,0,0,0,0,0,0,0,0,0,0,0,0,0,0,0,0,0,0,4,4,172,47,87,0,2,47,85,32,36,9,35,44,8,5,12,13,12,126,2016
1929533.53972245,1248573.14994588,2610493.92949902,8e+06,43,"Anthony Tolliver","PF",6.66666666666667,240,"June 1, 1985","us",8,"Creighton University","http://www.basketball-reference.com/players/t/tollian01.html",8e+06,"2015-16",30,"DET","NBA","PF",72,5,1341,128,332,0.386,98,272,0.36,30,60,0.5,0.533,29,47,0.617,39,190,229,52,26,16,28,86,383,455,69,8913,924,2257,482,1351,442,906,414,538,392,1205,1597,393,167,140,275,746,2744,"2015-16",30,"DET","NBA","PF",3,0,26,2,4,0.5,0,2,0,2,2,1,0.5,0,0,0,1,3,4,1,0,1,0,0,4,13,0,115,11,20,8,15,3,5,4,6,5,12,17,3,1,2,1,9,34,2016
11005763.9321727,10139305.0087754,11872222.85557,20140838,32,"Blake Griffin","PF",6.83333333333333,251,"March 16, 1989","us",6,"University of Oklahoma","http://www.basketball-reference.com/players/g/griffbl01.html",20140838,"2015-16",26,"LAC","NBA","PF",35,35,1170,301,603,0.499,6,18,0.333,295,585,0.504,0.504,141,194,0.727,51,243,294,170,28,17,83,95,749,410,410,14491,3427,6576,42,155,3385,6421,1905,2884,1043,2884,3927,1654,397,246,1017,1255,8801,"2015-16",26,"LAC","NBA","PF",4,4,127,20,53,0.377,1,2,0.5,19,51,0.373,0.387,19,25,0.76,7,28,35,16,3,2,9,9,60,48,47,1713,390,793,3,17,387,776,229,319,107,311,418,194,53,45,123,171,1012,2016
1993348.21609089,1466706.40634156,2519990.02584022,1453680,5,"Bobby Portis","PF",6.91666666666667,230,"February 10, 1995","us",1,"University of Arkansas","http://www.basketball-reference.com/players/p/portibo01.html",1453680,"2015-16",20,"CHI","NBA","PF",62,4,1102,186,436,0.427,16,52,0.308,170,384,0.443,0.445,48,66,0.727,123,214,337,52,25,22,54,100,436,62,4,1102,186,436,16,52,170,384,48,66,123,214,337,52,25,22,54,100,436,"0",0,"0","0","0",0,0,0,0,0,0,0,0,0,0,0,0,0,0,0,0,0,0,0,0,0,0,0,0,0,0,0,0,0,0,0,0,0,0,0,0,0,0,0,0,0,0,0,0,0,2016
1738938.06229069,-194647.285403679,3672523.40998506,7e+06,33,"Boris Diaw","PF",6.66666666666667,250,"April 16, 1982","fr",13,"","http://www.basketball-reference.com/players/d/diawbo01.html",7e+06,"2015-16",33,"SAS","NBA","PF",76,4,1386,202,383,0.527,25,69,0.362,177,314,0.564,0.56,56,76,0.737,58,175,233,176,26,21,97,102,485,991,531,27485,3659,7384,455,1332,3204,6052,1028,1435,1212,3264,4476,3514,630,501,1810,2186,8801,"2015-16",33,"SAS","NBA","PF",9,0,159,21,46,0.457,2,6,0.333,19,40,0.475,0.478,3,4,0.75,2,17,19,21,2,4,6,9,47,108,44,2941,424,841,42,129,382,712,144,198,142,357,499,360,65,48,167,249,1034,2016
5354915.44702412,4517279.99824025,6192550.89580799,5700000,34,"Brandan Wright","PF",6.83333333333333,210,"October 5, 1987","us",8,"University of North Carolina","http://www.basketball-reference.com/players/w/wrighbr03.html",5700000,"2015-16",28,"MEM","NBA","PF",12,2,212,35,52,0.673,0,0,0,35,52,0.673,0.673,13,24,0.542,14,29,43,6,5,15,10,21,83,372,56,6121,1129,1858,0,11,1129,1847,390,576,522,865,1387,171,174,379,184,500,2648,"0",0,"0","0","0",0,0,0,0,0,0,0,0,0,0,0,0,0,0,0,0,0,0,0,0,0,0,0,0,0,10,0,117,17,23,0,0,17,23,4,8,7,10,17,8,3,7,5,12,38,2016
4183607.48581072,3326157.29081628,5041057.68080517,1551659,30,"Brandon Bass","PF",6.66666666666667,250,"April 30, 1985","us",11,"Louisiana State University","http://www.basketball-reference.com/players/b/bassbr01.html",1551659,"2015-16",30,"LAL","NBA","PF",66,0,1342,174,317,0.549,0,2,0,174,315,0.552,0.549,125,148,0.845,104,181,285,74,33,55,42,125,473,706,283,15833,2451,4939,11,55,2440,4884,1370,1652,1096,2223,3319,587,281,468,689,1330,6283,"0",0,"0","0","0",0,0,0,0,0,0,0,0,0,0,0,0,0,0,0,0,0,0,0,0,0,0,0,0,0,58,35,1404,175,371,0,1,175,370,146,164,84,177,261,44,30,26,38,114,496,2016
17924450.2463183,16414545.7396694,19434354.7529671,23741060,1,"Chris Bosh","PF",6.91666666666667,235,"March 24, 1984","us",13,"Georgia Institute of Technology","http://www.basketball-reference.com/players/b/boshch01.html",23741060,"2015-16",31,"MIA","NBA","PF",53,53,1778,358,767,0.467,81,222,0.365,277,545,0.508,0.52,213,268,0.795,48,342,390,128,36,34,78,101,1010,893,881,31936,6209,12581,305,910,5904,11671,4466,5591,1927,5665,7592,1795,730,932,1807,2159,17189,"0",0,"0","0","0",0,0,0,0,0,0,0,0,0,0,0,0,0,0,0,0,0,0,0,0,0,0,0,0,0,89,85,3131,515,1088,54,140,461,948,304,380,172,493,665,119,73,102,126,224,1388,2016
3141067.7299929,2562425.18927101,3719710.27071479,1191480,1,"Chris McCullough","PF",6.91666666666667,200,"February 5, 1995","us",1,"Syracuse University","http://www.basketball-reference.com/players/m/mcculch01.html",1191480,"2015-16",20,"BRK","NBA","PF",24,4,362,44,109,0.404,13,34,0.382,31,75,0.413,0.463,11,23,0.478,25,43,68,9,28,12,15,39,112,24,4,362,44,109,13,34,31,75,11,23,25,43,68,9,28,12,15,39,112,"0",0,"0","0","0",0,0,0,0,0,0,0,0,0,0,0,0,0,0,0,0,0,0,0,0,0,0,0,0,0,0,0,0,0,0,0,0,0,0,0,0,0,0,0,0,0,0,0,0,0,2016
2985740.28856233,2355201.04015953,3616279.53696514,874636,35,"Christian Wood","PF",6.91666666666667,220,"September 27, 1995","us",1,"University of Nevada, Las Vegas","http://www.basketball-reference.com/players/w/woodch01.html",874636,"2015-16",20,"PHI","NBA","PF",17,0,145,22,53,0.415,4,11,0.364,18,42,0.429,0.453,13,21,0.619,13,25,38,3,5,7,2,11,61,17,0,145,22,53,4,11,18,42,13,21,13,25,38,3,5,7,2,11,61,"0",0,"0","0","0",0,0,0,0,0,0,0,0,0,0,0,0,0,0,0,0,0,0,0,0,0,0,0,0,0,0,0,0,0,0,0,0,0,0,0,0,0,0,0,0,0,0,0,0,0,2016
3940298.55758781,3498576.43030607,4382020.68486955,5318313,40,"Cody Zeller","PF",7,240,"October 5, 1992","us",3,"Indiana University","http://www.basketball-reference.com/players/z/zelleco01.html",5318313,"2015-16",23,"CHO","NBA","C",73,60,1774,231,437,0.529,1,10,0.1,230,427,0.539,0.53,175,232,0.754,138,317,455,71,57,63,68,204,638,217,108,4677,575,1214,2,12,573,1202,448,596,353,817,1170,263,131,153,217,530,1600,"2015-16",23,"CHO","NBA","C",7,2,137,21,38,0.553,0,0,0,21,38,0.553,0.553,17,21,0.81,9,28,37,2,1,3,7,20,59,11,2,190,24,47,0,0,24,47,19,25,14,32,46,4,1,6,9,23,67,2016
3570098.38322712,3110574.53629663,4029622.2301576,8070175,0,"Darrell Arthur","PF",6.75,235,"March 25, 1988","us",7,"University of Kansas","http://www.basketball-reference.com/players/a/arthuda01.html",8070175,"2015-16",27,"DEN","NBA","PF",70,16,1516,221,489,0.452,45,117,0.385,176,372,0.473,0.498,40,53,0.755,86,207,293,96,53,48,66,185,527,443,98,8165,1264,2848,100,318,1164,2530,338,444,519,1122,1641,358,282,283,371,1136,2966,"0",0,"0","0","0",0,0,0,0,0,0,0,0,0,0,0,0,0,0,0,0,0,0,0,0,0,0,0,0,0,28,0,376,64,138,1,3,63,135,21,26,28,39,67,13,9,16,19,66,150,2016
11549119.3386959,10091312.8689559,13006925.8084358,1551659,10,"David Lee","PF",6.75,245,"April 29, 1983","us",11,"University of Florida","http://www.basketball-reference.com/players/l/leeda02.html",1551659,"2015-16",32,"TOT","NBA","PF",55,5,903,178,335,0.531,0,1,0,178,334,0.533,0.531,71,93,0.763,101,204,305,84,22,28,66,114,427,750,495,22816,4339,8146,1,29,4338,8117,1977,2553,2001,4878,6879,1701,594,289,1372,2045,10656,"2015-16",32,"DAL","NBA","PF",2,0,33,6,8,0.75,0,0,0,6,8,0.75,0.75,0,0,0,1,5,6,1,0,0,0,7,12,28,8,422,76,158,0,0,76,158,27,40,42,90,132,32,10,3,24,57,179,2016
8607306.54062642,7486365.44247083,9728247.63878201,1551659,3,"David West","PF",6.75,250,"August 29, 1980","us",13,"Xavier University","http://www.basketball-reference.com/players/w/westda01.html",1551659,"2015-16",35,"SAS","NBA","PF",78,19,1404,244,448,0.545,3,7,0.429,241,441,0.546,0.548,63,80,0.788,72,237,309,143,44,55,68,142,554,893,742,27291,5352,10889,51,199,5301,10690,2468,3013,1673,4476,6149,1984,675,727,1502,2183,13223,"2015-16",35,"SAS","NBA","PF",10,0,176,25,55,0.455,3,6,0.5,22,49,0.449,0.482,5,9,0.556,13,24,37,13,6,7,7,19,58,83,66,2742,476,1024,6,21,470,1003,242,305,133,439,572,197,61,72,154,224,1200,2016
9209427.7846736,8659036.76891157,9759818.80043564,11050000,15,"Derrick Favors","PF",6.83333333333333,265,"July 15, 1991","us",6,"Georgia Institute of Technology","http://www.basketball-reference.com/players/f/favorde01.html",11050000,"2015-16",24,"UTA","NBA","PF",62,59,1983,418,811,0.515,0,4,0,418,807,0.518,0.515,180,254,0.709,169,334,503,94,74,91,104,150,1016,429,250,11162,2001,3905,1,16,2000,3889,1000,1497,1077,2053,3130,454,343,585,663,1234,5003,"0",0,"0","0","0",0,0,0,0,0,0,0,0,0,0,0,0,0,0,0,0,0,0,0,0,0,0,0,0,0,4,1,116,15,36,0,0,15,36,17,29,14,24,38,2,5,6,5,11,47,2016
16237203.9275795,14194198.4341807,18280209.4209783,2.5e+07,41,"Dirk Nowitzki","PF",7,245,"June 19, 1978","de",18,"","http://www.basketball-reference.com/players/n/nowitdi01.html",2.5e+07,"2015-16",37,"DAL","NBA","PF",75,75,2364,498,1112,0.448,126,342,0.368,372,770,0.483,0.504,250,280,0.893,52,437,489,132,52,52,84,161,1372,1340,1309,47249,10392,21922,1701,4459,8691,17463,7006,7969,1418,9122,10540,3414,1128,1180,2374,3266,29491,"2015-16",37,"DAL","NBA","PF",5,5,170,41,83,0.494,4,11,0.364,37,72,0.514,0.518,16,17,0.941,3,21,24,8,2,3,7,9,102,145,145,5895,1220,2642,149,408,1071,2234,1074,1204,212,1234,1446,360,149,129,328,407,3663,2016
14072771.2590567,10877001.2609282,17268541.2571853,15330435,23,"Draymond Green","PF",6.58333333333333,230,"March 4, 1990","us",4,"Michigan State University","http://www.basketball-reference.com/players/g/greendr01.html",15330435,"2015-16",25,"GSW","NBA","PF",81,81,2808,401,819,0.49,100,258,0.388,301,561,0.537,0.551,229,329,0.696,134,635,769,598,119,113,259,240,1131,321,173,8156,1011,2300,280,819,731,1481,488,707,392,1693,2085,1094,386,309,534,883,2790,"2015-16",25,"GSW","NBA","PF",23,23,879,119,276,0.431,38,104,0.365,81,172,0.471,0.5,79,107,0.738,38,190,228,138,37,41,56,81,355,63,49,2114,271,632,79,247,192,385,175,235,116,433,549,286,93,88,143,238,796,2016
1455848.82323205,938267.166426245,1973430.48003785,8375000,7,"Dwight Powell","PF",6.91666666666667,240,"July 20, 1991","ca",2,"Stanford University","http://www.basketball-reference.com/players/p/poweldw01.html",8375000,"2015-16",24,"DAL","NBA","PF",69,2,992,146,296,0.493,2,16,0.125,144,280,0.514,0.497,105,142,0.739,84,189,273,44,36,24,40,118,399,98,2,1228,177,363,5,27,172,336,130,175,102,221,323,53,45,30,51,158,489,"2015-16",24,"DAL","NBA","PF",4,0,64,9,19,0.474,0,1,0,9,18,0.5,0.474,6,11,0.545,9,8,17,4,1,0,1,5,24,6,0,67,9,20,0,1,9,19,6,11,9,9,18,5,1,0,1,6,24,2016
4810958.05798682,3901915.84158537,5720000.27438828,6666667,17,"Ed Davis","PF",6.83333333333333,240,"June 5, 1989","us",6,"University of North Carolina","http://www.basketball-reference.com/players/d/davised01.html",6666667,"2015-16",26,"POR","NBA","PF",81,0,1684,206,337,0.611,0,0,0,206,337,0.611,0.611,114,204,0.559,224,375,599,88,57,72,64,202,526,435,82,9247,1290,2286,0,1,1290,2285,498,883,1000,1819,2819,372,240,428,340,1048,3078,"2015-16",26,"POR","NBA","PF",11,0,205,21,40,0.525,0,2,0,21,38,0.553,0.525,19,33,0.576,26,49,75,14,2,7,10,33,61,26,0,278,29,62,0,2,29,60,22,38,38,63,101,14,3,11,14,42,80,2016
5875156.13927632,5353161.13404186,6397151.14451077,8400000,7,"Ersan Ilyasova","PF",6.83333333333333,235,"May 15, 1987","tr",8,"","http://www.basketball-reference.com/players/i/ilyaser01.html",8400000,"2015-16",28,"TOT","NBA","PF",74,56,1881,280,661,0.424,96,259,0.371,184,402,0.458,0.496,111,154,0.721,144,259,403,67,52,33,71,171,767,527,313,12721,2128,4796,524,1416,1604,3380,831,1082,1001,2141,3142,572,375,204,513,1330,5611,"0",0,"0","0","0",0,0,0,0,0,0,0,0,0,0,0,0,0,0,0,0,0,0,0,0,0,0,0,0,0,17,10,416,64,157,14,47,50,110,24,30,37,68,105,13,15,5,21,32,166,2016
5780484.01573591,5251656.0045493,6309312.02692253,2348783,5,"Gorgui Dieng","PF",6.91666666666667,241,"January 18, 1990","sn",3,"University of Louisville","http://www.basketball-reference.com/players/d/dienggo01.html",2348783,"2015-16",26,"MIN","NBA","C",82,39,2220,308,579,0.532,6,20,0.3,302,559,0.54,0.537,205,248,0.827,157,428,585,143,94,96,140,219,827,215,103,5231,680,1318,8,27,672,1291,455,585,483,1011,1494,328,195,272,320,515,1823,"0",0,"0","0","0",0,0,0,0,0,0,0,0,0,0,0,0,0,0,0,0,0,0,0,0,0,0,0,0,0,0,0,0,0,0,0,0,0,0,0,0,0,0,0,0,0,0,0,0,0,2016
2563975.67498095,2039723.04041862,3088228.30954328,4e+06,16,"James Johnson","PF",6.75,250,"February 20, 1987","us",7,"Wake Forest University","http://www.basketball-reference.com/players/j/johnsja01.html",4e+06,"2015-16",28,"TOR","NBA","PF",57,32,926,114,240,0.475,20,66,0.303,94,174,0.54,0.517,39,68,0.574,28,98,126,67,29,33,54,84,287,398,140,7270,1048,2200,97,365,951,1835,401,583,343,913,1256,590,291,374,494,838,2594,"2015-16",28,"TOR","NBA","PF",10,0,98,12,25,0.48,4,9,0.444,8,16,0.5,0.56,2,3,0.667,3,12,15,6,3,0,7,13,30,19,0,158,19,48,6,15,13,33,9,19,8,16,24,8,4,0,9,27,53,2016
579364.120443498,93218.8754608489,1065509.36542615,980431,20,"James Michael McAdoo","PF",6.75,230,"January 4, 1993","us",2,"University of North Carolina","http://www.basketball-reference.com/players/m/mcadoja01.html",980431,"2015-16",23,"GSW","NBA","PF",41,1,262,45,84,0.536,1,2,0.5,44,82,0.537,0.542,26,49,0.531,30,28,58,17,10,8,16,39,117,56,1,399,69,128,1,2,68,126,40,74,45,50,95,19,15,17,22,60,179,"2015-16",23,"GSW","NBA","PF",8,0,38,2,4,0.5,0,0,0,2,4,0.5,0.5,1,4,0.25,0,8,8,2,3,2,1,6,5,13,0,48,4,7,0,0,4,7,1,4,1,11,12,2,3,3,2,6,9,2016
1309646.75168916,804325.187155852,1814968.31622246,980431,0,"JaMychal Green","PF",6.75,227,"June 21, 1990","us",2,"University of Alabama","http://www.basketball-reference.com/players/g/greenja01.html",980431,"2015-16",25,"MEM","NBA","PF",78,15,1446,230,495,0.465,15,45,0.333,215,450,0.478,0.48,103,137,0.752,139,234,373,67,46,33,83,189,578,102,16,1610,257,542,15,51,242,491,111,147,158,260,418,71,51,38,97,214,640,"2015-16",25,"MEM","NBA","PF",4,0,72,12,22,0.545,0,1,0,12,21,0.571,0.545,3,6,0.5,5,10,15,3,3,5,4,12,27,9,0,80,12,24,0,2,12,22,5,8,5,13,18,3,4,6,4,13,29,2016
5393159.7197973,4029984.93159613,6756334.50799848,10470000,3,"Jared Dudley","PF",6.58333333333333,225,"July 10, 1985","us",9,"Boston College","http://www.basketball-reference.com/players/d/dudleja01.html",10470000,"2015-16",30,"WAS","NBA","PF",81,41,2098,233,487,0.478,100,238,0.42,133,249,0.534,0.581,72,98,0.735,54,232,286,170,75,18,80,190,638,676,253,16404,2076,4421,704,1765,1372,2656,830,1128,722,1580,2302,1079,592,120,609,1218,5686,"0",0,"0","0","0",0,0,0,0,0,0,0,0,0,0,0,0,0,0,0,0,0,0,0,0,0,0,0,0,0,29,0,532,57,127,36,79,21,48,21,35,18,59,77,38,31,8,14,54,171,2016
4769161.91914128,4192596.61424928,5345727.22403329,5628000,0,"Jared Sullinger","PF",6.75,260,"March 4, 1992","us",4,"Ohio State University","http://www.basketball-reference.com/players/s/sullija01.html",5628000,"2015-16",23,"BOS","NBA","PF",81,73,1915,351,806,0.435,29,103,0.282,322,703,0.458,0.453,103,161,0.64,194,479,673,187,75,47,102,209,834,258,171,6414,1157,2638,138,500,1019,2138,404,556,674,1305,1979,474,176,160,328,767,2856,"2015-16",23,"BOS","NBA","PF",6,2,81,13,42,0.31,2,4,0.5,11,38,0.289,0.333,3,4,0.75,10,17,27,7,1,0,6,16,31,10,2,161,34,80,5,13,29,67,7,11,19,36,55,8,1,3,11,28,80,2016
2913491.61255979,2393428.9483231,3433554.27679647,1286160,1,"Jarell Martin","PF",6.83333333333333,239,"May 24, 1994","us",1,"Louisiana State University","http://www.basketball-reference.com/players/m/martija01.html",1286160,"2015-16",21,"MEM","NBA","PF",27,0,380,54,116,0.466,0,2,0,54,114,0.474,0.466,45,62,0.726,39,47,86,15,8,7,19,58,153,27,0,380,54,116,0,2,54,114,45,62,39,47,86,15,8,7,19,58,153,"2015-16",21,"MEM","NBA","PF",2,0,46,3,8,0.375,0,0,0,3,8,0.375,0.375,3,6,0.5,4,3,7,1,3,0,3,4,9,2,0,46,3,8,0,0,3,8,3,6,4,3,7,1,3,0,3,4,9,2016
3218061.04768462,2560168.47033633,3875953.62503291,980431,12,"Jarnell Stokes","PF",6.75,263,"January 7, 1994","us",2,"University of Tennessee","http://www.basketball-reference.com/players/s/stokeja01.html",980431,"2015-16",22,"TOT","NBA","C",7,0,18,3,5,0.6,0,0,0,3,5,0.6,0.6,1,2,0.5,1,3,4,1,1,0,0,1,7,26,2,144,24,42,0,0,24,42,16,30,17,21,38,5,6,5,7,26,64,"0",0,"0","0","0",0,0,0,0,0,0,0,0,0,0,0,0,0,0,0,0,0,0,0,0,0,0,0,0,0,0,0,0,0,0,0,0,0,0,0,0,0,0,0,0,0,0,0,0,0,2016
1862736.46482538,1164841.07162706,2560631.85802369,5e+06,8,"Jonas Jerebko","PF",6.83333333333333,231,"March 2, 1987","se",6,"","http://www.basketball-reference.com/players/j/jerebjo01.html",5e+06,"2015-16",28,"BOS","NBA","PF",78,0,1176,118,286,0.413,43,108,0.398,75,178,0.421,0.488,61,78,0.782,77,211,288,62,20,24,52,137,340,410,88,7739,1029,2245,221,626,808,1619,453,591,579,1137,1716,316,245,106,329,839,2732,"2015-16",28,"BOS","NBA","PF",6,4,162,22,46,0.478,7,22,0.318,15,24,0.625,0.554,4,5,0.8,7,34,41,10,2,4,5,15,55,10,4,230,27,61,7,26,20,35,5,7,11,44,55,11,4,5,8,24,66,2016
2562861.80652079,2136213.06836632,2989510.54467527,10991957,30,"Jon Leuer","PF",6.83333333333333,228,"May 14, 1989","us",5,"University of Wisconsin","http://www.basketball-reference.com/players/l/leuerjo01.html",10991957,"2015-16",26,"PHO","NBA","PF",67,27,1255,224,466,0.481,42,110,0.382,182,356,0.511,0.526,77,101,0.762,76,297,373,72,38,30,75,125,567,253,45,3463,588,1228,75,200,513,1028,178,248,221,674,895,171,93,69,163,362,1429,"0",0,"0","0","0",0,0,0,0,0,0,0,0,0,0,0,0,0,0,0,0,0,0,0,0,0,0,0,0,0,12,0,43,6,13,1,2,5,11,2,2,6,10,16,2,2,1,0,4,15,2016
2725253.80474493,2117097.01424277,3333410.59524709,1223653,55,"Jordan Mickey","PF",6.66666666666667,235,"July 9, 1994","us",1,"Louisiana State University","http://www.basketball-reference.com/players/m/mickejo01.html",1223653,"2015-16",21,"BOS","NBA","PF",16,0,57,8,22,0.364,0,0,0,8,22,0.364,0.364,5,10,0.5,6,7,13,1,0,11,1,5,21,16,0,57,8,22,0,0,8,22,5,10,6,7,13,1,0,11,1,5,21,"2015-16",21,"BOS","NBA","PF",2,0,10,2,4,0.5,0,0,0,2,4,0.5,0.5,0,0,0,1,1,2,2,0,1,0,0,4,2,0,10,2,4,0,0,2,4,0,0,1,1,2,2,0,1,0,0,4,2016
3197017.25022485,2504387.77023042,3889646.73021928,1191480,34,"Josh Huestis","PF",6.58333333333333,230,"December 19, 1991","us",1,"Stanford University","http://www.basketball-reference.com/players/h/huestjo01.html",1191480,"2015-16",24,"OKC","NBA","PF",5,0,55,5,12,0.417,4,6,0.667,1,6,0.167,0.583,0,4,0,2,8,10,0,1,2,3,3,14,5,0,55,5,12,4,6,1,6,0,4,2,8,10,0,1,2,3,3,14,"2015-16",24,"OKC","NBA","PF",2,0,10,1,3,0.333,1,2,0.5,0,1,0,0.5,0,0,0,1,2,3,0,0,0,0,1,3,2,0,10,1,3,1,2,0,1,0,0,1,2,3,0,0,0,0,1,3,2016
2510924.26410277,2003076.61385927,3018771.91434627,5782450,4,"Josh McRoberts","PF",6.83333333333333,240,"February 28, 1987","us",9,"Duke University","http://www.basketball-reference.com/players/m/mcrobjo01.html",5782450,"2015-16",28,"MIA","NBA","PF",42,1,595,55,148,0.372,12,49,0.245,43,99,0.434,0.412,28,40,0.7,22,83,105,81,18,7,30,68,150,409,165,7884,870,1853,183,544,687,1309,303,429,445,1167,1612,851,212,190,358,784,2226,"2015-16",28,"MIA","NBA","PF",10,0,134,16,34,0.471,0,7,0,16,27,0.593,0.471,6,6,1,7,19,26,9,5,5,4,20,38,25,4,383,40,95,8,26,32,69,23,27,16,59,75,31,13,8,17,51,111,2016
5497031.17694694,4928123.89343825,6065938.46045562,3267120,30,"Julius Randle","PF",6.75,250,"November 29, 1994","us",2,"University of Kentucky","http://www.basketball-reference.com/players/r/randlju01.html",3267120,"2015-16",21,"LAL","NBA","PF",81,60,2286,358,835,0.429,10,36,0.278,348,799,0.436,0.435,193,270,0.715,172,657,829,144,53,29,149,242,919,82,60,2300,359,838,10,36,349,802,193,272,172,657,829,144,53,29,150,243,921,"0",0,"0","0","0",0,0,0,0,0,0,0,0,0,0,0,0,0,0,0,0,0,0,0,0,0,0,0,0,0,0,0,0,0,0,0,0,0,0,0,0,0,0,0,0,0,0,0,0,0,2016
6822894.38741612,6014906.32787674,7630882.4469555,12078652,35,"Kenneth Faried","PF",6.66666666666667,228,"November 19, 1989","us",5,"Morehead State University","http://www.basketball-reference.com/players/f/farieke01.html",12078652,"2015-16",26,"DEN","NBA","PF",67,64,1694,349,626,0.558,1,2,0.5,348,624,0.558,0.558,136,222,0.613,235,346,581,79,32,60,91,169,835,348,331,9243,1730,3180,2,13,1728,3167,809,1251,1117,1902,3019,377,279,316,511,923,4271,"0",0,"0","0","0",0,0,0,0,0,0,0,0,0,0,0,0,0,0,0,0,0,0,0,0,0,0,0,0,0,12,11,337,52,92,0,0,52,92,20,27,37,75,112,5,10,9,19,42,124,2016
16820033.1150507,14874570.1241841,18765496.1059172,21165675,0,"Kevin Love","PF",6.83333333333333,251,"September 7, 1988","us",8,"University of California, Los Angeles","http://www.basketball-reference.com/players/l/loveke01.html",21165675,"2015-16",27,"CLE","NBA","PF",77,77,2424,409,977,0.419,158,439,0.36,251,538,0.467,0.499,258,314,0.822,149,613,762,186,58,41,142,159,1234,516,434,16889,3140,7067,742,2046,2398,5021,2429,2981,1636,4310,5946,1252,351,253,1017,1110,9451,"2015-16",27,"CLE","NBA","PF",20,19,613,92,239,0.385,46,111,0.414,46,128,0.359,0.481,63,75,0.84,34,141,175,42,9,8,27,34,293,24,23,720,109,280,55,132,54,148,77,94,40,163,203,52,10,10,33,46,350,2016
2236891.02170103,1828426.89605505,2645355.14734702,1800000,1,"Kevin Seraphin","PF",6.75,285,"December 7, 1989","gf",6,"","http://www.basketball-reference.com/players/s/serapke01.html",1800000,"2015-16",26,"NYK","NBA","C",48,0,526,84,205,0.41,0,2,0,84,203,0.414,0.41,19,23,0.826,31,95,126,47,8,36,43,67,187,374,31,5871,1025,2120,0,5,1025,2115,234,325,461,859,1320,223,81,284,420,837,2284,"0",0,"0","0","0",0,0,0,0,0,0,0,0,0,0,0,0,0,0,0,0,0,0,0,0,0,0,0,0,0,10,0,78,15,34,0,0,15,34,3,6,4,17,21,2,2,1,5,11,33,2016
3663243.51108625,2871830.09655246,4454656.92562004,1182840,5,"Kevon Looney","PF",6.75,220,"February 6, 1996","us",1,"University of California, Los Angeles","http://www.basketball-reference.com/players/l/looneke01.html",1182840,"2015-16",19,"GSW","NBA","PF",5,0,21,4,7,0.571,1,2,0.5,3,5,0.6,0.643,0,0,0,4,6,10,0,0,0,1,2,9,5,0,21,4,7,1,2,3,5,0,0,4,6,10,0,0,0,1,2,9,"0",0,"0","0","0",0,0,0,0,0,0,0,0,0,0,0,0,0,0,0,0,0,0,0,0,0,0,0,0,0,0,0,0,0,0,0,0,0,0,0,0,0,0,0,0,0,0,0,0,0,2016
6304056.56284499,5568100.27426894,7040012.85142105,4e+06,43,"Kris Humphries","PF",6.75,235,"February 6, 1985","us",12,"University of Minnesota","http://www.basketball-reference.com/players/h/humphkr01.html",4e+06,"2015-16",30,"TOT","NBA","PF",53,17,835,121,295,0.41,34,108,0.315,87,187,0.465,0.468,67,84,0.798,57,161,218,36,16,23,38,94,343,744,199,13543,1991,4272,36,134,1955,4138,1075,1544,1327,2781,4108,527,311,433,663,1387,5093,"2015-16",30,"ATL","NBA","PF",4,0,56,13,28,0.464,5,10,0.5,8,18,0.444,0.554,6,6,1,8,16,24,4,2,5,2,9,37,21,0,215,31,69,5,10,26,59,12,21,25,42,67,6,4,10,7,36,79,2016
5322538.59140113,4804836.46940433,5840240.71339792,4317720,6,"Kristaps Porzingis","PF",7.25,240,"August 2, 1995","lv",1,"","http://www.basketball-reference.com/players/p/porzikr01.html",4317720,"2015-16",20,"NYK","NBA","PF",72,72,2047,373,886,0.421,81,243,0.333,292,643,0.454,0.467,201,240,0.838,132,394,526,93,53,134,121,205,1028,72,72,2047,373,886,81,243,292,643,201,240,132,394,526,93,53,134,121,205,1028,"0",0,"0","0","0",0,0,0,0,0,0,0,0,0,0,0,0,0,0,0,0,0,0,0,0,0,0,0,0,0,0,0,0,0,0,0,0,0,0,0,0,0,0,0,0,0,0,0,0,0,2016
1646099.49071226,1065708.42020943,2226490.56121509,3900000,9,"Kyle O'Quinn","PF",6.83333333333333,250,"March 26, 1990","us",4,"Norfolk State University","http://www.basketball-reference.com/players/o/oquinky01.html",3900000,"2015-16",25,"NYK","NBA","PF",65,1,764,129,271,0.476,5,22,0.227,124,249,0.498,0.485,46,60,0.767,76,174,250,72,20,49,61,107,309,242,42,3414,535,1081,17,69,518,1012,177,245,287,735,1022,261,101,202,231,489,1264,"0",0,"0","0","0",0,0,0,0,0,0,0,0,0,0,0,0,0,0,0,0,0,0,0,0,0,0,0,0,0,0,0,0,0,0,0,0,0,0,0,0,0,0,0,0,0,0,0,0,0,2016
13418494.454914,12385146.6295339,14451842.2802941,20575005,12,"LaMarcus Aldridge","PF",6.91666666666667,260,"July 19, 1985","us",10,"University of Texas at Austin","http://www.basketball-reference.com/players/a/aldrila01.html",20575005,"2015-16",30,"SAS","NBA","PF",74,74,2261,536,1045,0.513,0,16,0,536,1029,0.521,0.513,259,302,0.858,176,456,632,110,38,81,99,151,1331,722,681,25233,5657,11610,61,237,5596,11373,2518,3141,1912,4154,6066,1371,565,739,1145,1847,13893,"2015-16",30,"SAS","NBA","PF",10,10,337,88,169,0.521,2,2,1,86,167,0.515,0.527,41,46,0.891,22,61,83,10,4,14,11,18,219,44,44,1710,382,843,9,22,373,821,199,245,108,274,382,64,31,75,68,125,972,2016
3112225.30286281,2514679.80115333,3709770.80457229,6191000,42,"Lance Thomas","PF",6.66666666666667,235,"April 24, 1988","us",5,"Duke University","http://www.basketball-reference.com/players/t/thomala01.html",6191000,"2015-16",27,"NYK","NBA","PF",59,5,1313,169,382,0.442,44,109,0.404,125,273,0.458,0.5,102,119,0.857,34,97,131,53,22,7,57,109,484,227,61,4121,463,1065,51,132,412,933,271,343,194,380,574,154,80,29,171,370,1248,"0",0,"0","0","0",0,0,0,0,0,0,0,0,0,0,0,0,0,0,0,0,0,0,0,0,0,0,0,0,0,0,0,0,0,0,0,0,0,0,0,0,0,0,0,0,0,0,0,0,0,2016
2715420.9673934,2366262.78485663,3064579.14993017,1207680,7,"Larry Nance Jr.","PF",6.75,230,"January 1, 1993","us",1,"University of Wyoming","http://www.basketball-reference.com/players/n/nancela02.html",1207680,"2015-16",23,"LAL","NBA","PF",63,22,1266,158,300,0.527,1,10,0.1,157,290,0.541,0.528,32,47,0.681,101,211,312,44,54,23,41,124,349,63,22,1266,158,300,1,10,157,290,32,47,101,211,312,44,54,23,41,124,349,"0",0,"0","0","0",0,0,0,0,0,0,0,0,0,0,0,0,0,0,0,0,0,0,0,0,0,0,0,0,0,0,0,0,0,0,0,0,0,0,0,0,0,0,0,0,0,0,0,0,0,2016
2144566.70313794,1676892.36844366,2612241.03783223,4e+06,5,"Lavoy Allen","PF",6.75,260,"February 4, 1989","us",5,"Temple University","http://www.basketball-reference.com/players/a/allenla01.html",4e+06,"2015-16",26,"IND","NBA","PF",79,28,1599,191,370,0.516,0,0,0,191,370,0.516,0.516,46,73,0.63,162,262,424,76,26,42,69,147,428,327,82,6034,751,1590,2,14,749,1576,166,244,610,1014,1624,327,102,190,228,628,1670,"2015-16",26,"IND","NBA","PF",6,3,51,3,10,0.3,0,0,0,3,10,0.3,0.3,0,0,0,4,10,14,2,1,1,1,2,6,22,4,302,39,75,0,0,39,75,7,12,26,52,78,6,11,12,6,33,85,2016
1858147.85620161,1067094.84962363,2649200.86277959,2203000,12,"Luc Mbah a Moute","PF",6.66666666666667,230,"September 9, 1986","cm",8,"University of California, Los Angeles","http://www.basketball-reference.com/players/m/mbahalu01.html",2203000,"2015-16",29,"LAC","NBA","PF",75,61,1274,94,207,0.454,13,40,0.325,81,167,0.485,0.486,30,57,0.526,60,111,171,30,44,19,34,100,231,541,362,12601,1318,2962,99,328,1219,2634,676,1029,893,1542,2435,492,456,202,529,1012,3411,"2015-16",29,"LAC","NBA","PF",5,5,78,4,6,0.667,0,0,0,4,6,0.667,0.667,1,1,1,2,8,10,1,3,0,2,9,9,16,16,392,40,79,0,6,40,73,26,39,20,43,63,13,9,0,14,33,106,2016
7928515.28565961,6807536.97826369,9049493.59305552,5e+06,4,"Luis Scola","PF",6.75,240,"April 30, 1980","ar",9,"","http://www.basketball-reference.com/players/s/scolalu01.html",5e+06,"2015-16",35,"TOR","NBA","PF",76,76,1636,269,598,0.45,65,161,0.404,204,437,0.467,0.504,61,84,0.726,84,276,360,66,46,27,68,178,664,707,504,18540,3598,7291,75,221,3523,7070,1427,1924,1284,3518,4802,1157,460,220,1087,1974,8698,"2015-16",35,"TOR","NBA","PF",11,9,140,8,31,0.258,4,21,0.19,4,10,0.4,0.323,8,11,0.727,2,16,18,7,3,0,5,22,28,48,28,1027,163,359,5,25,158,334,78,117,65,160,225,47,20,7,46,126,409,2016
5264471.64949899,4794295.82551781,5734647.47348017,7400000,5,"Markieff Morris","PF",6.83333333333333,245,"September 2, 1989","us",5,"University of Kansas","http://www.basketball-reference.com/players/m/morrima02.html",7400000,"2015-16",26,"TOT","NBA","PF",64,45,1629,305,718,0.425,47,155,0.303,258,563,0.458,0.458,108,147,0.735,73,279,352,124,58,34,135,184,765,372,166,9427,1668,3752,226,700,1442,3052,713,939,522,1496,2018,633,345,230,626,1049,4275,"0",0,"0","0","0",0,0,0,0,0,0,0,0,0,0,0,0,0,0,0,0,0,0,0,0,0,0,0,0,0,0,0,0,0,0,0,0,0,0,0,0,0,0,0,0,0,0,0,0,0,2016
6757565.37894939,5635875.38862722,7879255.36927157,12250000,2,"Marvin Williams","PF",6.75,237,"June 19, 1986","us",11,"University of North Carolina","http://www.basketball-reference.com/players/w/willima02.html",12250000,"2015-16",29,"CHO","NBA","PF",81,81,2338,338,747,0.452,152,378,0.402,186,369,0.504,0.554,120,144,0.833,127,394,521,110,58,77,62,133,948,785,598,22596,2979,6686,600,1697,2379,4989,1715,2138,1007,3079,4086,1019,603,395,815,1646,8273,"2015-16",29,"CHO","NBA","PF",7,7,228,14,51,0.275,6,17,0.353,8,34,0.235,0.333,2,4,0.5,7,41,48,6,6,3,2,11,36,49,34,1230,117,318,19,52,98,266,89,107,59,149,208,36,31,22,41,87,342,2016
4982874.49553061,4309447.10417349,5656301.88688773,9213484,11,"Meyers Leonard","PF",7.08333333333333,245,"February 27, 1992","us",4,"University of Illinois at Urbana-Champaign","http://www.basketball-reference.com/players/l/leoname01.html",9213484,"2015-16",23,"POR","NBA","PF",61,10,1333,195,435,0.448,86,228,0.377,109,207,0.527,0.547,35,46,0.761,51,263,314,92,8,18,77,183,511,225,26,3741,512,1048,136,353,376,695,153,188,203,727,930,175,36,75,180,540,1313,"0",0,"0","0","0",0,0,0,0,0,0,0,0,0,0,0,0,0,0,0,0,0,0,0,0,0,0,0,0,0,9,0,115,14,23,10,13,4,10,1,2,6,29,35,5,2,2,3,18,39,2016
1240600.79612916,265976.852062649,2215224.74019566,3333334,32,"Mike Scott","PF",6.66666666666667,237,"July 16, 1988","us",4,"University of Virginia","http://www.basketball-reference.com/players/s/scottmi01.html",3333334,"2015-16",27,"ATL","NBA","PF",75,0,1146,176,376,0.468,62,158,0.392,114,218,0.523,0.551,50,63,0.794,53,153,206,78,25,17,42,102,464,263,7,4127,748,1604,190,551,558,1053,257,328,199,600,799,240,84,29,181,338,1943,"2015-16",27,"ATL","NBA","PF",10,0,161,25,40,0.625,8,16,0.5,17,24,0.708,0.725,7,8,0.875,5,27,32,5,3,3,8,20,65,32,0,499,74,168,22,74,52,94,24,30,25,78,103,14,9,3,17,49,194,2016
3215955.33630137,2317002.25816744,4114908.41443529,10500000,35,"Mirza Teletovic","PF",6.75,242,"September 18, 1985","ba",4,"","http://www.basketball-reference.com/players/t/teletmi01.html",10500000,"2015-16",30,"PHO","NBA","PF",79,1,1686,332,777,0.427,181,460,0.393,151,317,0.476,0.544,120,155,0.774,55,247,302,89,32,21,84,159,965,244,12,4473,746,1810,416,1110,330,700,206,274,175,682,857,215,88,68,211,429,2114,"0",0,"0","0","0",0,0,0,0,0,0,0,0,0,0,0,0,0,0,0,0,0,0,0,0,0,0,0,0,0,16,0,237,36,87,19,60,17,27,8,12,15,29,44,3,6,2,6,15,99,2016
1758641.80349348,1309408.66662308,2207874.94036387,1e+06,5,"Montrezl Harrell","PF",6.66666666666667,240,"January 26, 1994","us",1,"University of Louisville","http://www.basketball-reference.com/players/h/harremo01.html",1e+06,"2015-16",22,"HOU","NBA","PF",39,1,379,58,90,0.644,0,1,0,58,89,0.652,0.644,24,46,0.522,25,40,65,17,11,11,17,48,140,39,1,379,58,90,0,1,58,89,24,46,25,40,65,17,11,11,17,48,140,"2015-16",22,"HOU","NBA","PF",2,0,12,1,3,0.333,0,1,0,1,2,0.5,0.333,1,2,0.5,0,2,2,0,0,0,1,1,3,2,0,12,1,3,0,1,1,2,1,2,0,2,2,0,0,0,1,1,3,2016
2273165.94719397,1696504.74892491,2849827.14546304,3800000,88,"Nemanja Bjelica","PF",6.83333333333333,240,"May 9, 1988","rs",1,"","http://www.basketball-reference.com/players/b/bjeline01.html",3800000,"2015-16",27,"MIN","NBA","PF",60,0,1075,110,235,0.468,48,125,0.384,62,110,0.564,0.57,40,55,0.727,49,161,210,83,26,21,47,154,308,60,0,1075,110,235,48,125,62,110,40,55,49,161,210,83,26,21,47,154,308,"0",0,"0","0","0",0,0,0,0,0,0,0,0,0,0,0,0,0,0,0,0,0,0,0,0,0,0,0,0,0,0,0,0,0,0,0,0,0,0,0,0,0,0,0,0,0,0,0,0,0,2016
4205828.21190378,3092734.65867093,5318921.76513664,3750000,4,"Nick Collison","PF",6.83333333333333,255,"October 26, 1980","us",12,"University of Kansas","http://www.basketball-reference.com/players/c/collini01.html",3750000,"2015-16",35,"OKC","NBA","PF",59,4,699,50,109,0.459,0,2,0,50,107,0.467,0.459,23,33,0.697,68,103,171,52,15,16,50,107,123,875,177,18400,2185,4104,21,100,2164,4004,904,1244,1750,2900,4650,923,444,467,867,2483,5295,"2015-16",35,"OKC","NBA","PF",9,0,79,4,6,0.667,0,0,0,4,6,0.667,0.667,1,2,0.5,3,8,11,5,8,0,1,17,9,91,2,1532,164,294,3,7,161,287,60,88,151,197,348,71,52,44,52,256,391,2016
2922803.52339109,2322994.28779663,3522612.75898554,1358500,15,"Nikola Jokic","PF",6.83333333333333,250,"February 19, 1995","rs",1,"","http://www.basketball-reference.com/players/j/jokicni01.html",1358500,"2015-16",20,"DEN","NBA","C",80,55,1733,307,600,0.512,28,84,0.333,279,516,0.541,0.535,154,190,0.811,181,379,560,189,79,50,104,208,796,80,55,1733,307,600,28,84,279,516,154,190,181,379,560,189,79,50,104,208,796,"0",0,"0","0","0",0,0,0,0,0,0,0,0,0,0,0,0,0,0,0,0,0,0,0,0,0,0,0,0,0,0,0,0,0,0,0,0,0,0,0,0,0,0,0,0,0,0,0,0,0,2016
4477223.74776237,3790475.35887657,5163972.13664817,5782450,44,"Nikola Mirotic","PF",6.83333333333333,220,"February 11, 1991","me",2,"","http://www.basketball-reference.com/players/m/mirotni01.html",5782450,"2015-16",24,"CHI","NBA","PF",66,38,1646,248,609,0.407,135,346,0.39,113,263,0.43,0.518,146,181,0.807,58,304,362,100,58,46,102,151,777,148,41,3300,501,1233,234,659,267,574,374,465,121,645,766,197,112,100,191,323,1610,"0",0,"0","0","0",0,0,0,0,0,0,0,0,0,0,0,0,0,0,0,0,0,0,0,0,0,0,0,0,0,11,0,164,20,66,7,30,13,36,16,20,7,23,30,9,6,6,8,22,63,2016
1496839.50686368,840047.537910524,2153631.47581684,2751360,21,"Noah Vonleh","PF",6.83333333333333,240,"August 24, 1995","us",2,"Indiana University","http://www.basketball-reference.com/players/v/vonleno01.html",2751360,"2015-16",20,"POR","NBA","PF",78,56,1174,117,278,0.421,11,46,0.239,106,232,0.457,0.441,38,51,0.745,91,214,305,30,27,26,50,152,283,103,56,1433,147,354,16,59,131,295,56,77,119,272,391,34,31,35,61,172,366,"2015-16",20,"POR","NBA","PF",6,0,12,0,3,0,0,0,0,0,3,0,0,0,0,0,1,3,4,2,2,0,0,1,0,6,0,12,0,3,0,0,0,3,0,0,1,3,4,2,2,0,0,1,0,2016
8731875.76522297,7750889.99283823,9712861.53760771,6050000,54,"Patrick Patterson","PF",6.75,230,"March 14, 1989","us",6,"University of Kentucky","http://www.basketball-reference.com/players/p/pattepa01.html",6050000,"2015-16",26,"TOR","NBA","PF",79,0,2020,204,493,0.414,106,293,0.362,98,200,0.49,0.521,29,34,0.853,77,265,342,94,53,32,65,128,543,412,65,9835,1362,2918,317,864,1045,2054,260,347,632,1308,1940,502,243,226,325,764,3301,"2015-16",26,"TOR","NBA","PF",20,9,583,55,136,0.404,21,70,0.3,34,66,0.515,0.482,22,26,0.846,29,48,77,24,7,9,18,31,153,31,9,888,96,211,35,103,61,108,40,48,45,93,138,38,13,12,27,49,267,2016
13448168.2829932,12333669.0169845,14562667.5490018,20072033,4,"Paul Millsap","PF",6.66666666666667,246,"February 10, 1985","us",10,"Louisiana Tech University","http://www.basketball-reference.com/players/m/millspa01.html",20072033,"2015-16",30,"ATL","NBA","PF",81,81,2647,501,1066,0.47,74,232,0.319,427,834,0.512,0.505,309,408,0.757,198,534,732,265,147,139,191,237,1385,768,492,22340,4054,8132,258,773,3796,7359,2278,3112,1799,3922,5721,1670,1010,806,1363,2452,10644,"2015-16",30,"ATL","NBA","PF",10,10,365,59,137,0.431,8,33,0.242,51,104,0.49,0.46,41,55,0.745,28,66,94,27,13,23,26,29,167,81,36,2288,374,816,32,116,342,700,230,330,217,386,603,146,82,104,130,246,1010,2016
3318305.81963507,2579087.09214981,4057524.54712033,1052342,25,"Rakeem Christmas","PF",6.75,250,"December 1, 1991","us",1,"Syracuse University","http://www.basketball-reference.com/players/c/chrisra01.html",1052342,"2015-16",24,"IND","NBA","PF",1,0,6,2,2,1,0,0,0,2,2,1,1,0,0,0,1,0,1,0,0,0,0,1,4,1,0,6,2,2,0,0,2,2,0,0,1,0,1,0,0,0,0,1,4,"0",0,"0","0","0",0,0,0,0,0,0,0,0,0,0,0,0,0,0,0,0,0,0,0,0,0,0,0,0,0,0,0,0,0,0,0,0,0,0,0,0,0,0,0,0,0,0,0,0,0,2016
1748606.39229077,1339903.34629128,2157309.43829025,1025831,22,"Richaun Holmes","PF",6.83333333333333,245,"October 15, 1993","us",1,"Bowling Green State University","http://www.basketball-reference.com/players/h/holmeri01.html",1025831,"2015-16",22,"PHI","NBA","PF",51,1,702,114,222,0.514,8,44,0.182,106,178,0.596,0.532,51,74,0.689,62,73,135,33,19,40,32,92,287,51,1,702,114,222,8,44,106,178,51,74,62,73,135,33,19,40,32,92,287,"0",0,"0","0","0",0,0,0,0,0,0,0,0,0,0,0,0,0,0,0,0,0,0,0,0,0,0,0,0,0,0,0,0,0,0,0,0,0,0,0,0,0,0,0,0,0,0,0,0,0,2016
6277866.8098641,5492635.66750605,7063097.95222214,18735364,3,"Ryan Anderson","PF",6.83333333333333,240,"May 6, 1988","us",8,"University of California","http://www.basketball-reference.com/players/a/anderry01.html",18735364,"2015-16",27,"NOP","NBA","PF",66,7,2008,397,929,0.427,131,358,0.366,266,571,0.466,0.498,199,228,0.873,131,265,396,73,38,25,90,109,1124,484,159,12592,2202,5204,980,2601,1222,2603,953,1107,1023,1668,2691,437,272,181,494,969,6337,"0",0,"0","0","0",0,0,0,0,0,0,0,0,0,0,0,0,0,0,0,0,0,0,0,0,0,0,0,0,0,24,5,503,48,139,27,76,21,63,19,20,34,64,98,19,10,7,19,62,142,2016
1762251.4993234,1320925.04517173,2203577.95347508,979848,30,"Ryan Kelly","PF",6.91666666666667,230,"April 9, 1991","us",3,"Duke University","http://www.basketball-reference.com/players/k/kellyry01.html",979848,"2015-16",24,"LAL","NBA","PF",36,0,470,55,149,0.369,5,37,0.135,50,112,0.446,0.386,37,54,0.685,21,100,121,20,13,10,18,39,152,147,59,3015,316,829,98,313,218,516,226,284,76,410,486,207,75,79,102,304,956,"0",0,"0","0","0",0,0,0,0,0,0,0,0,0,0,0,0,0,0,0,0,0,0,0,0,0,0,0,0,0,0,0,0,0,0,0,0,0,0,0,0,0,0,0,0,0,0,0,0,0,2016
14386601.5689195,12622329.7464817,16150873.3913573,12250000,7,"Serge Ibaka","PF",6.83333333333333,235,"September 18, 1989","cg",7,"","http://www.basketball-reference.com/players/i/ibakase01.html",12250000,"2015-16",26,"OKC","NBA","PF",78,78,2500,416,869,0.479,60,184,0.326,356,685,0.52,0.513,91,121,0.752,141,392,533,66,38,148,108,211,983,524,413,15099,2558,4888,182,512,2376,4376,756,1015,1267,2608,3875,309,224,1300,671,1491,6054,"2015-16",26,"OKC","NBA","PF",18,18,602,85,163,0.521,31,69,0.449,54,94,0.574,0.617,15,20,0.75,23,90,113,10,14,24,9,51,216,89,83,2761,402,784,41,96,361,688,126,164,200,399,599,47,42,222,74,283,971,2016
4380056.89767275,3695164.07173695,5064949.72360856,6348759,0,"Spencer Hawes","PF",7.08333333333333,245,"April 28, 1988","us",9,"University of Washington","http://www.basketball-reference.com/players/h/hawessp01.html",6348759,"2015-16",27,"CHO","NBA","PF",57,6,1035,124,306,0.405,38,102,0.373,86,204,0.422,0.467,54,65,0.831,51,193,244,109,22,27,58,111,340,630,367,14744,2317,5086,334,945,1983,4141,627,885,953,2749,3702,1190,249,622,922,1632,5595,"2015-16",27,"CHO","NBA","PF",5,0,53,6,13,0.462,1,4,0.25,5,9,0.556,0.5,5,6,0.833,3,13,16,3,1,2,4,5,18,31,17,540,77,171,6,16,71,155,28,38,29,105,134,38,7,18,29,60,188,2016
588993.284018761,-453392.839971431,1631379.40800895,1551659,6,"Steve Novak","PF",6.83333333333333,225,"June 13, 1983","us",10,"Marquette University","http://www.basketball-reference.com/players/n/novakst01.html",1551659,"2015-16",32,"TOT","NBA","PF",10,0,44,8,18,0.444,7,15,0.467,1,3,0.333,0.639,1,1,1,0,5,5,0,0,0,1,3,24,459,6,5635,749,1710,574,1331,175,379,100,114,68,520,588,132,91,38,81,370,2172,"0",0,"0","0","0",0,0,0,0,0,0,0,0,0,0,0,0,0,0,0,0,0,0,0,0,0,0,0,0,0,22,1,187,14,29,10,22,4,7,0,0,6,21,27,1,1,2,3,14,38,2016
5389128.62998607,4608549.85171728,6169707.40825487,8950000,22,"Taj Gibson","PF",6.75,225,"June 24, 1985","us",7,"University of Southern California","http://www.basketball-reference.com/players/g/gibsota01.html",8950000,"2015-16",30,"CHI","NBA","PF",73,55,1936,263,500,0.526,0,3,0,263,497,0.529,0.526,101,146,0.692,206,298,504,106,47,77,78,180,627,507,174,12668,1905,3878,1,22,1904,3856,830,1200,1216,1988,3204,504,267,645,626,1331,4641,"0",0,"0","0","0",0,0,0,0,0,0,0,0,0,0,0,0,0,0,0,0,0,0,0,0,0,0,0,0,0,56,7,1202,177,355,0,3,177,352,94,136,111,162,273,34,20,65,47,142,448,2016
3409235.78893434,2693184.31957862,4125287.25829006,1050961,9,"Terrence Jones","PF",6.75,252,"January 9, 1992","us",4,"University of Kentucky","http://www.basketball-reference.com/players/j/joneste01.html",1050961,"2015-16",24,"HOU","NBA","PF",50,11,1044,166,367,0.452,25,79,0.316,141,288,0.49,0.486,77,116,0.664,62,149,211,41,23,39,49,86,434,178,106,4287,753,1472,74,236,679,1236,265,422,330,694,1024,179,106,216,170,324,1845,"0",0,"0","0","0",0,0,0,0,0,0,0,0,0,0,0,0,0,0,0,0,0,0,0,0,0,0,0,0,0,25,11,574,91,208,3,22,88,186,42,69,51,82,133,26,13,16,19,46,227,2016
10378684.1918229,9491684.13627197,11265684.2473739,14153652,21,"Thaddeus Young","PF",6.66666666666667,221,"June 21, 1988","us",9,"Georgia Institute of Technology","http://www.basketball-reference.com/players/y/youngth01.html",14153652,"2015-16",27,"BRK","NBA","PF",73,73,2407,495,963,0.514,7,30,0.233,488,933,0.523,0.518,105,163,0.644,176,484,660,135,112,37,136,182,1102,665,435,20357,3964,7969,253,792,3711,7177,1070,1555,1330,2586,3916,1012,944,266,970,1478,9251,"0",0,"0","0","0",0,0,0,0,0,0,0,0,0,0,0,0,0,0,0,0,0,0,0,0,0,0,0,0,0,36,18,983,148,337,6,22,142,315,51,75,83,111,194,47,29,10,48,77,353,2016
912996.231319916,278267.241439164,1547725.22120067,1050961,15,"Thomas Robinson","PF",6.83333333333333,237,"March 17, 1991","us",4,"University of Kansas","http://www.basketball-reference.com/players/r/robinth01.html",1050961,"2015-16",24,"BRK","NBA","PF",71,7,917,130,291,0.447,0,1,0,130,290,0.448,0.447,47,109,0.431,136,223,359,46,39,36,69,111,307,265,11,3644,535,1165,0,5,535,1160,217,425,458,826,1284,159,135,102,273,470,1287,"0",0,"0","0","0",0,0,0,0,0,0,0,0,0,0,0,0,0,0,0,0,0,0,0,0,0,0,0,0,0,11,0,122,13,31,0,0,13,31,6,7,10,18,28,6,5,5,5,23,32,2016
8778761.03329825,8092048.47164957,9465473.59494694,17200000,34,"Tobias Harris","PF",6.75,235,"July 15, 1992","us",5,"University of Tennessee","http://www.basketball-reference.com/players/h/harrito02.html",17200000,"2015-16",23,"TOT","NBA","PF",76,74,2513,417,889,0.469,80,239,0.335,337,650,0.518,0.514,202,243,0.831,96,414,510,169,65,40,108,153,1116,302,216,8510,1503,3235,239,735,1264,2500,739,923,360,1392,1752,466,220,151,398,595,3984,"2015-16",23,"DET","NBA","PF",4,4,156,21,46,0.457,4,12,0.333,17,34,0.5,0.5,12,13,0.923,6,32,38,12,3,3,6,11,58,4,4,156,21,46,4,12,17,34,12,13,6,32,38,12,3,3,6,11,58,2016
2830695.1813697,2222582.97805308,3438807.38468632,9250000,35,"Trevor Booker","PF",6.66666666666667,228,"November 25, 1987","us",6,"Clemson University","http://www.basketball-reference.com/players/b/booketr01.html",9250000,"2015-16",28,"UTA","NBA","PF",79,2,1632,190,388,0.49,12,41,0.293,178,347,0.513,0.505,71,106,0.67,166,286,452,84,59,41,81,169,463,393,112,7960,1066,2069,42,135,1024,1934,368,596,769,1274,2043,346,252,228,354,792,2542,"0",0,"0","0","0",0,0,0,0,0,0,0,0,0,0,0,0,0,0,0,0,0,0,0,0,0,0,0,0,0,9,1,146,13,29,0,2,13,27,4,6,16,23,39,8,2,9,3,25,30,2016
2855429.27667407,2144361.80712602,3566496.74622213,2340600,41,"Trey Lyles","PF",6.83333333333333,234,"November 5, 1995","ca",1,"University of Kentucky","http://www.basketball-reference.com/players/l/lylestr01.html",2340600,"2015-16",20,"UTA","NBA","PF",80,33,1382,191,436,0.438,49,128,0.383,142,308,0.461,0.494,57,82,0.695,59,240,299,59,26,18,65,114,488,80,33,1382,191,436,49,128,142,308,57,82,59,240,299,59,26,18,65,114,488,"0",0,"0","0","0",0,0,0,0,0,0,0,0,0,0,0,0,0,0,0,0,0,0,0,0,0,0,0,0,0,0,0,0,0,0,0,0,0,0,0,0,0,0,0,0,0,0,0,0,0,2016
1384309.1861448,-193366.521514744,2961984.89380434,4e+06,40,"Udonis Haslem","PF",6.66666666666667,235,"June 9, 1980","us",13,"University of Florida","http://www.basketball-reference.com/players/h/hasleud01.html",4e+06,"2015-16",35,"MIA","NBA","PF",37,0,260,23,61,0.377,1,9,0.111,22,52,0.423,0.385,12,16,0.75,10,65,75,14,5,2,5,25,59,814,498,21242,2614,5318,3,32,2611,5286,1216,1606,1592,4073,5665,715,416,246,790,2003,6447,"2015-16",35,"MIA","NBA","PF",9,0,85,8,15,0.533,0,0,0,8,15,0.533,0.533,5,7,0.714,11,20,31,4,0,1,7,13,21,147,84,3194,332,691,0,1,332,690,169,237,230,592,822,82,58,41,118,386,833,2016
1417669.16453637,950858.023176299,1884480.30589644,1015696,35,"Willie Reed","PF",6.83333333333333,220,"May 16, 1990","us",1,"Saint Louis University","http://www.basketball-reference.com/players/r/reedwi02.html",1015696,"2015-16",25,"BRK","NBA","PF",39,2,426,76,133,0.571,0,0,0,76,133,0.571,0.571,30,55,0.545,49,73,122,10,6,30,16,47,182,39,2,426,76,133,0,0,76,133,30,55,49,73,122,10,6,30,16,47,182,"0",0,"0","0","0",0,0,0,0,0,0,0,0,0,0,0,0,0,0,0,0,0,0,0,0,0,0,0,0,0,0,0,0,0,0,0,0,0,0,0,0,0,0,0,0,0,0,0,0,0,2016
16414062.6854881,14939040.9964673,17889084.3745089,10361445,50,"Zach Randolph","PF",6.75,260,"July 16, 1981","us",15,"Michigan State University","http://www.basketball-reference.com/players/r/randoza01.html",10361445,"2015-16",34,"MEM","NBA","PF",68,53,2016,431,907,0.475,6,26,0.231,425,881,0.482,0.479,172,216,0.796,179,350,529,142,43,13,105,146,1040,984,820,31322,6642,14047,127,488,6515,13559,3282,4292,3000,6213,9213,1800,754,281,2075,2374,16693,"2015-16",34,"MEM","NBA","PF",4,4,120,23,62,0.371,0,0,0,23,62,0.371,0.371,6,7,0.857,15,20,35,7,1,0,7,10,52,64,60,2259,404,922,3,19,401,903,265,353,215,386,601,116,46,24,122,199,1076,2016
