"fit","lwr","upr","NBASalary","No.","Player","Pos.x","Ht","Wt","Birth.Date","Var.7","Exp","College","playerurls","Salary","Season","Age","Tm","Lg","Pos.y","G","GS","MP","FG","FGA","FGpct","ThreePt","ThreePtAttmpt","ThreePtpct","TwoPt","TwoPtAttmpt","TwoPtpct","eFGpct","FT","FTA","FTpct","ORB","DRB","TRB","AST","STL","BLK","TOV","PF","PTS","CareerG","CareerGS","CareerMP","CareerFG","CareerFGA","Career3P","Career3PA","Career2P","Career2PA","CareerFT","CareerFTA","CareerORB","CareerDRB","CareerTRB","CareerAST","CareerSTL","CareerBLK","CareerTOV","CareerPF","CareerPTS","Last2YrsG","Last2YrsGS","Last2YrsMP","Last2YrsFG","Last2YrsFGA","Last2Yrs3P","Last2Yrs3PA","Last2Yrs2P","Last2Yrs2PA","Last2YrsFT","Last2YrsFTA","Last2YrsORB","Last2YrsDRB","Last2YrsTRB","Last2YrsAST","Last2YrsSTL","Last2YrsBLK","Last2YrsTOV","Last2YrsPF","Last2YrsPTS","PlayoffSeason","PlayoffAge","PlayoffTm","PlayoffLg","PlayoffPos","PlayoffG","PlayoffGS","PlayoffMP","PlayoffFG","PlayoffFGA","PlayoffFGpct","Playoff3P","Playoff3PA","Playoff3Ppct","Playoff2P","Playoff2PA","Playoff2Ppct","PlayoffeFGpct","PlayoffFT","PlayoffFTA","PlayoffFTpct","PlayoffORB","PlayoffDRB","PlayoffTRB","PlayoffAST","PlayoffSTL","PlayoffBLK","PlayoffTOV","PlayoffPF","PlayoffPTS","CareerPlayoffG","CareerPlayoffGS","CareerPlayoffMP","CareerPlayoffFG","CareerPlayoffFGA","CareerPlayoff3P","CareerPlayoff3PA","CareerPlayoff2P","CareerPlayoff2PA","CareerPlayoffFT","CareerPlayoffFTA","CareerPlayoffORB","CareerPlayoffDRB","CareerPlayoffTRB","CareerPlayoffAST","CareerPlayoffSTL","CareerPlayoffBLK","CareerPlayoffTOV","CareerPlayoffPF","CareerPlayoffPTS","Year"
1550823.99021019,1020006.59954796,2081641.38087243,874636,9,"Aaron Harrison","SG",6.5,210,"October 28, 1994","us",1,"University of Kentucky","http://www.basketball-reference.com/players/h/harriaa01.html",874636,"2015-16",21,"CHO","NBA","SG",21,0,93,5,19,0.263,3,10,0.3,2,9,0.222,0.342,5,12,0.417,4,11,15,2,6,0,4,10,18,21,0,93,5,19,3,10,2,9,5,12,4,11,15,2,6,0,4,10,18,21,0,93,5,19,3,10,2,9,5,12,4,11,15,2,6,0,4,10,18,"2015-16",21,"CHO","NBA","SG",2,0,7,0,0,0,0,0,0,0,0,0,0,0,0,0,0,1,1,0,0,0,0,1,0,2,0,7,0,0,0,0,0,0,0,0,0,1,1,0,0,0,0,1,0,2016
3704185.60809508,3257429.78077366,4150941.43541651,10154495,10,"Alec Burks","SG",6.5,214,"July 20, 1991","us",5,"University of Colorado","http://www.basketball-reference.com/players/b/burksal01.html",10154495,"2015-16",24,"UTA","NBA","SG",31,3,797,137,334,0.41,32,79,0.405,105,255,0.412,0.458,106,141,0.752,16,93,109,63,18,4,51,71,412,259,42,5965,954,2210,156,427,798,1783,687,915,188,569,757,504,166,41,377,523,2751,58,30,1696,258,634,58,147,200,487,212,270,35,188,223,145,35,9,103,135,786,"0",0,"0","0","0",0,0,0,0,0,0,0,0,0,0,0,0,0,0,0,0,0,0,0,0,0,0,0,0,0,4,0,63,7,28,0,2,7,26,12,14,5,6,11,3,2,0,3,4,26,2016
1876466.53873941,1367580.97898199,2385352.09849683,18500000,23,"Allen Crabbe","SG",6.5,210,"April 9, 1992","us",3,"University of California","http://www.basketball-reference.com/players/c/crabbal01.html",18500000,"2015-16",23,"POR","NBA","SG",81,8,2105,311,678,0.459,112,285,0.393,199,393,0.506,0.541,98,113,0.867,27,189,216,99,63,16,64,192,832,147,17,2888,386,864,148,384,238,480,113,133,35,263,298,144,84,32,82,276,1033,132,17,2788,374,831,142,370,232,461,110,129,34,255,289,138,82,31,79,266,1000,"2015-16",23,"POR","NBA","SG",11,0,302,38,73,0.521,15,35,0.429,23,38,0.605,0.623,14,19,0.737,5,27,32,15,7,1,6,23,105,13,1,341,42,78,17,37,25,41,14,19,5,30,35,16,9,2,7,24,115,2016
2475789.17781594,1915234.27751126,3036344.07812062,3488000,2,"Anthony Morrow","SG",6.41666666666667,210,"September 27, 1985","us",8,"Georgia Institute of Technology","http://www.basketball-reference.com/players/m/morroan01.html",3488000,"2015-16",30,"OKC","NBA","SG",68,6,926,136,333,0.408,79,204,0.387,57,129,0.442,0.527,29,39,0.744,10,52,62,24,22,5,17,64,380,515,135,11566,1858,4128,766,1804,1092,2324,574,654,297,887,1184,469,293,73,374,853,5056,142,6,2732,421,948,220,529,201,419,108,128,50,207,257,84,76,16,55,199,1170,"2015-16",30,"OKC","NBA","SG",14,0,76,11,24,0.458,5,14,0.357,6,10,0.6,0.563,10,10,1,0,2,2,1,1,0,4,5,37,14,0,76,11,24,5,14,6,10,10,10,0,2,2,1,1,0,4,5,37,2016
5828468.39678337,5259231.03136324,6397705.7622035,12500000,40,"Arron Afflalo","SG",6.41666666666667,210,"October 15, 1985","us",9,"University of California, Los Angeles","http://www.basketball-reference.com/players/a/afflaar01.html",12500000,"2015-16",30,"NYK","NBA","SG",71,57,2371,354,799,0.443,91,238,0.382,263,561,0.469,0.5,110,131,0.84,23,243,266,144,25,10,82,142,909,648,489,18567,2733,6051,763,1984,1970,4067,1275,1554,321,1664,1985,1278,316,126,789,1321,7504,149,129,4873,729,1683,209,571,520,1112,277,329,50,463,513,273,66,17,198,309,1944,"0",0,"0","0","0",0,0,0,0,0,0,0,0,0,0,0,0,0,0,0,0,0,0,0,0,0,0,0,0,0,35,19,644,81,191,16,62,65,129,31,40,7,54,61,42,10,6,23,65,209,2016
2583205.49020604,2111007.1672147,3055403.81319738,1.1e+07,25,"Austin Rivers","SG",6.33333333333333,200,"August 1, 1992","us",4,"Duke University","http://www.basketball-reference.com/players/r/riverau01.html",1.1e+07,"2015-16",23,"LAC","NBA","SG",67,7,1464,226,516,0.438,62,185,0.335,164,331,0.495,0.498,79,116,0.681,22,108,130,99,48,9,61,137,593,273,42,5784,766,1876,165,501,601,1375,333,523,91,429,520,541,167,41,277,539,2030,143,12,3027,429,1012,101,316,328,696,164,242,49,233,282,254,96,23,126,283,1123,"2015-16",23,"LAC","NBA","SG",6,2,144,26,61,0.426,4,17,0.235,22,44,0.5,0.459,6,9,0.667,4,12,16,16,3,0,7,12,62,20,4,394,72,166,17,52,55,114,18,28,10,30,40,32,13,4,19,40,179,2016
5919540.00747689,5046471.81278776,6792608.20216602,8269663,0,"Avery Bradley","SG",6.16666666666667,180,"November 26, 1990","us",6,"University of Texas at Austin","http://www.basketball-reference.com/players/b/bradlav01.html",8269663,"2015-16",25,"BOS","NBA","SG",76,72,2536,456,1019,0.447,147,407,0.361,309,612,0.505,0.52,96,123,0.78,48,172,220,158,117,19,109,164,1155,358,285,9784,1666,3803,412,1144,1254,2659,370,474,210,720,930,581,378,76,477,744,4114,153,149,4964,890,2031,271,759,619,1272,175,223,94,367,461,293,199,34,218,341,2226,"2015-16",25,"BOS","NBA","SG",1,1,33,7,16,0.438,1,7,0.143,6,9,0.667,0.469,3,3,1,2,1,3,1,1,1,1,2,18,21,21,605,68,176,13,56,55,120,25,32,11,40,51,20,23,8,25,46,174,2016
3768497.20306118,2919636.92228623,4617357.48383613,4008882,23,"Ben McLemore","SG",6.41666666666667,195,"February 11, 1993","us",3,"University of Kansas","http://www.basketball-reference.com/players/m/mclembe01.html",4008882,"2015-16",22,"SAC","NBA","SG",68,53,1443,195,455,0.429,67,185,0.362,128,270,0.474,0.502,74,103,0.718,34,114,148,79,52,10,99,140,531,232,190,6300,813,1965,302,873,511,1092,319,406,118,506,624,301,174,47,333,560,2247,150,135,4113,558,1286,207,576,351,710,204,263,65,324,389,219,129,29,237,359,1527,"0",0,"0","0","0",0,0,0,0,0,0,0,0,0,0,0,0,0,0,0,0,0,0,0,0,0,0,0,0,0,0,0,0,0,0,0,0,0,0,0,0,0,0,0,0,0,0,0,0,0,2016
7449697.35723004,7056171.83093374,7843222.88352635,22116750,3,"Bradley Beal","SG",6.41666666666667,207,"June 28, 1993","us",4,"University of Florida","http://www.basketball-reference.com/players/b/bealbr01.html",22116750,"2015-16",22,"WAS","NBA","SG",55,35,1708,359,799,0.449,105,271,0.387,254,528,0.481,0.515,135,176,0.767,41,147,188,162,54,11,112,117,958,247,213,8090,1485,3486,440,1109,1045,2377,539,690,195,718,913,736,251,76,453,519,3949,118,94,3815,722,1650,211,530,511,1120,265,342,98,331,429,356,130,29,235,253,1920,"0",0,"0","0","0",0,0,0,0,0,0,0,0,0,0,0,0,0,0,0,0,0,0,0,0,0,0,0,0,0,21,21,876,156,377,45,116,111,261,88,108,29,81,110,96,34,14,49,50,445,2016
8038280.72697684,7340461.18875542,8736100.26519825,12606250,11,"Brandon Knight","SG",6.25,189,"December 2, 1991","us",5,"University of Kentucky","http://www.basketball-reference.com/players/k/knighbr03.html",12606250,"2015-16",24,"PHO","NBA","SG",52,50,1870,371,895,0.415,120,351,0.342,251,544,0.461,0.482,156,183,0.852,36,166,202,263,61,20,177,124,1018,328,315,10799,1883,4522,580,1613,1303,2909,879,1091,197,962,1159,1499,327,65,930,695,5225,115,111,3905,746,1783,245,672,501,1111,351,406,64,382,446,593,151,30,366,238,2088,"0",0,"0","0","0",0,0,0,0,0,0,0,0,0,0,0,0,0,0,0,0,0,0,0,0,0,0,0,0,0,0,0,0,0,0,0,0,0,0,0,0,0,0,0,0,0,0,0,0,0,2016
2109132.15391082,1566461.56885458,2651802.73896705,3500000,4,"Brandon Rush","SG",6.5,220,"July 7, 1985","us",8,"University of Kansas","http://www.basketball-reference.com/players/r/rushbr01.html",3500000,"2015-16",30,"GSW","NBA","SG",72,25,1055,111,260,0.427,65,157,0.414,46,103,0.447,0.552,18,28,0.643,21,160,181,57,20,23,33,57,305,434,130,9534,1150,2674,478,1186,672,1488,275,390,171,1143,1314,423,200,239,372,578,3053,105,25,1326,122,314,68,184,54,130,23,39,25,197,222,69,25,35,44,84,335,"2015-16",30,"GSW","NBA","SG",14,0,110,9,20,0.45,4,12,0.333,5,8,0.625,0.55,1,2,0.5,0,23,23,3,2,2,2,9,23,22,0,172,16,39,8,18,8,21,2,4,1,32,33,6,3,3,3,16,42,2016
7030848.57576357,6085083.42331246,7976613.72821468,3219579,3,"C.J. McCollum","SG",6.33333333333333,200,"September 19, 1991","us",3,"Lehigh University","http://www.basketball-reference.com/players/m/mccolcj01.html",3219579,"2015-16",24,"POR","NBA","SG",80,80,2780,641,1431,0.448,197,472,0.417,444,959,0.463,0.517,187,226,0.827,47,212,259,341,97,23,196,187,1666,180,83,4229,874,1974,282,691,592,1283,261,333,68,330,398,432,154,33,279,321,2291,142,83,3753,800,1796,252,611,548,1185,238,299,61,289,350,405,140,31,244,268,2090,"2015-16",24,"POR","NBA","SG",11,11,442,84,197,0.426,20,58,0.345,64,139,0.46,0.477,37,46,0.804,7,33,40,36,10,5,20,30,225,22,12,632,117,275,31,86,86,189,49,61,8,53,61,38,16,6,27,45,314,2016
1171068.52571834,711785.44962216,1630351.60181451,1209680,23,"C.J. Wilcox","SG",6.41666666666667,195,"December 30, 1990","us",2,"University of Washington","http://www.basketball-reference.com/players/w/wilcocj01.html",1209680,"2015-16",25,"LAC","NBA","SG",23,0,167,26,66,0.394,9,23,0.391,17,43,0.395,0.462,9,12,0.75,1,11,12,10,10,2,2,15,70,44,0,268,42,104,16,42,26,62,11,14,2,17,19,18,13,3,12,22,111,44,0,268,42,104,16,42,26,62,11,14,2,17,19,18,13,3,12,22,111,"2015-16",25,"LAC","NBA","SG",2,0,7,0,1,0,0,0,0,0,1,0,0,0,0,0,0,1,1,1,0,0,0,1,0,2,0,7,0,1,0,0,0,1,0,0,0,1,1,1,0,0,0,1,0,2016
3099936.30184018,2412069.4792448,3787803.12443556,7330000,6,"Cory Joseph","SG",6.25,193,"August 20, 1991","ca",5,"University of Texas at Austin","http://www.basketball-reference.com/players/j/josepco01.html",7330000,"2015-16",24,"TOR","NBA","SG",80,4,2046,257,585,0.439,30,110,0.273,227,475,0.478,0.465,133,174,0.764,39,171,210,250,63,20,102,131,677,284,47,5080,663,1441,67,228,596,1213,346,451,132,454,586,639,166,58,245,361,1739,159,18,3490,464,996,46,154,418,842,238,317,83,319,402,438,109,37,169,236,1212,"2015-16",24,"TOR","NBA","SG",20,0,452,69,148,0.466,8,24,0.333,61,124,0.492,0.493,24,32,0.75,11,30,41,47,18,2,22,47,170,61,0,753,117,245,10,38,107,207,44,63,20,62,82,80,27,5,37,71,288,2016
5170936.5701757,4467506.90780238,5874366.23254902,11242000,5,"Courtney Lee","SG",6.41666666666667,200,"October 3, 1985","us",8,"Western Kentucky University","http://www.basketball-reference.com/players/l/leeco01.html",11242000,"2015-16",30,"TOT","NBA","SG",79,65,2334,290,639,0.454,82,217,0.378,208,422,0.493,0.518,99,118,0.839,29,176,205,136,85,28,72,134,761,600,360,16396,2204,4897,618,1610,1586,3287,748,884,265,1293,1558,945,609,163,584,1024,5774,156,139,4688,578,1282,172,441,406,841,210,247,50,333,383,287,160,40,150,263,1538,"2015-16",30,"CHO","NBA","SG",7,7,257,21,51,0.412,4,9,0.444,17,42,0.405,0.451,14,15,0.933,5,15,20,9,6,3,5,19,60,50,41,1437,169,370,36,104,133,266,77,86,17,86,103,72,44,8,44,108,451,2016
7564100.2895142,6704365.30024157,8423835.27878683,1e+07,14,"Danny Green","SG",6.5,215,"June 22, 1987","us",7,"University of North Carolina","http://www.basketball-reference.com/players/g/greenda02.html",1e+07,"2015-16",28,"SAS","NBA","SG",79,79,2062,211,561,0.376,116,349,0.332,95,212,0.448,0.48,34,46,0.739,48,255,303,141,79,64,75,141,572,402,336,9955,1291,3018,731,1812,560,1206,345,421,228,1151,1379,637,403,316,415,658,3658,160,159,4374,533,1299,307,806,226,493,145,173,102,544,646,299,180,151,168,304,1518,"2015-16",28,"SAS","NBA","SG",10,10,267,30,65,0.462,24,48,0.5,6,17,0.353,0.646,2,3,0.667,0,31,31,7,21,8,6,20,86,79,73,1965,252,568,160,365,92,203,34,45,37,218,255,92,90,66,66,158,698,2016
1613932.76034512,1174418.49019275,2053447.0304975,874060,6,"Darrun Hilliard","SG",6.5,205,"April 13, 1993","us",1,"Villanova University","http://www.basketball-reference.com/players/h/hillida01.html",874060,"2015-16",22,"DET","NBA","SG",38,2,383,52,131,0.397,19,50,0.38,33,81,0.407,0.469,29,40,0.725,5,40,45,27,9,1,19,28,152,38,2,383,52,131,19,50,33,81,29,40,5,40,45,27,9,1,19,28,152,38,2,383,52,131,19,50,33,81,29,40,5,40,45,27,9,1,19,28,152,"0",0,"0","0","0",0,0,0,0,0,0,0,0,0,0,0,0,0,0,0,0,0,0,0,0,0,0,0,0,0,0,0,0,0,0,0,0,0,0,0,0,0,0,0,0,0,0,0,0,0,2016
11263189.2275374,10225888.9927715,12300489.4623033,26540100,10,"DeMar DeRozan","SG",6.58333333333333,221,"August 7, 1989","us",7,"University of Southern California","http://www.basketball-reference.com/players/d/derozde01.html",26540100,"2015-16",26,"TOR","NBA","SG",78,78,2804,614,1377,0.446,47,139,0.338,567,1238,0.458,0.463,555,653,0.85,64,285,349,315,81,21,175,167,1830,521,509,17655,3350,7574,203,717,3147,6857,2533,3071,385,1653,2038,1371,492,150,968,1214,9436,138,138,4904,1023,2367,72,227,951,2140,916,1087,105,521,626,525,154,32,312,289,3034,"2015-16",26,"TOR","NBA","SG",20,20,746,157,398,0.394,4,26,0.154,153,372,0.411,0.399,100,123,0.813,13,70,83,54,22,3,45,52,418,31,31,1187,234,595,13,52,221,543,185,219,21,116,137,102,36,5,73,87,666,2016
3090943.16437014,2419068.53801,3762817.79073027,2223600,1,"Devin Booker","SG",6.5,206,"October 30, 1996","us",1,"University of Kentucky","http://www.basketball-reference.com/players/b/bookede01.html",2223600,"2015-16",19,"PHO","NBA","SG",76,51,2108,367,867,0.423,99,289,0.343,268,578,0.464,0.48,215,256,0.84,27,160,187,200,44,20,160,225,1048,76,51,2108,367,867,99,289,268,578,215,256,27,160,187,200,44,20,160,225,1048,76,51,2108,367,867,99,289,268,578,215,256,27,160,187,200,44,20,160,225,1048,"0",0,"0","0","0",0,0,0,0,0,0,0,0,0,0,0,0,0,0,0,0,0,0,0,0,0,0,0,0,0,0,0,0,0,0,0,0,0,0,0,0,0,0,0,0,0,0,0,0,0,2016
4370623.94482659,3815649.65148121,4925598.23817196,2898000,11,"Dion Waiters","SG",6.33333333333333,225,"December 10, 1991","us",4,"Syracuse University","http://www.basketball-reference.com/players/w/waitedi01.html",2898000,"2015-16",24,"OKC","NBA","SG",78,15,2152,282,706,0.399,86,240,0.358,196,466,0.421,0.46,112,157,0.713,36,166,202,154,81,15,120,143,762,289,110,8188,1423,3460,314,939,1109,2521,549,777,131,607,738,709,293,69,508,564,3709,158,38,4360,657,1652,159,486,498,1166,229,329,77,317,394,317,171,36,233,298,1702,"2015-16",24,"OKC","NBA","SG",18,0,491,55,132,0.417,21,56,0.375,34,76,0.447,0.496,20,30,0.667,6,41,47,42,10,3,20,42,151,18,0,491,55,132,21,56,34,76,20,30,6,41,47,42,10,3,20,42,151,2016
19314678.2786886,17845031.9826335,20784324.5747437,23200000,3,"Dwyane Wade","SG",6.33333333333333,220,"January 17, 1982","us",13,"Marquette University","http://www.basketball-reference.com/players/w/wadedw01.html",23200000,"2015-16",34,"MIA","NBA","SG",74,73,2258,540,1183,0.456,7,44,0.159,533,1139,0.468,0.459,322,406,0.793,82,220,302,344,79,42,203,116,1409,855,845,30560,7325,15020,386,1357,6939,13663,5185,6760,1076,3050,4126,4944,1414,759,2882,1974,20221,136,135,4229,1049,2267,36,146,1013,2121,606,776,140,381,521,643,152,63,412,221,2740,"2015-16",34,"MIA","NBA","SG",14,14,473,119,254,0.469,12,23,0.522,107,231,0.463,0.492,50,64,0.781,12,67,79,60,11,13,38,22,300,166,166,6380,1387,2906,97,284,1290,2622,910,1173,225,652,877,828,261,166,562,448,3781,2016
5962903.04791992,5388344.30676455,6537461.78907529,12385364,10,"Eric Gordon","SG",6.33333333333333,215,"December 25, 1988","us",8,"Indiana University","http://www.basketball-reference.com/players/g/gordoer01.html",12385364,"2015-16",27,"NOP","NBA","SG",45,44,1481,231,552,0.418,113,294,0.384,118,258,0.457,0.521,111,125,0.888,10,89,99,121,43,14,73,98,686,417,398,14148,2360,5421,777,2029,1583,3392,1437,1765,195,855,1050,1371,443,119,929,835,6934,106,104,3499,516,1246,254,609,262,637,218,258,38,220,258,350,93,28,195,243,1504,"0",0,"0","0","0",0,0,0,0,0,0,0,0,0,0,0,0,0,0,0,0,0,0,0,0,0,0,0,0,0,4,4,143,28,63,13,32,15,31,5,6,2,7,9,15,2,2,10,11,74,2016
1227270.57203771,737552.708301029,1716988.43577438,8081363,55,"E'Twaun Moore","SG",6.33333333333333,191,"February 28, 1989","us",5,"Purdue University","http://www.basketball-reference.com/players/m/mooreet01.html",8081363,"2015-16",26,"CHI","NBA","SG",59,22,1263,187,389,0.481,47,104,0.452,140,285,0.491,0.541,22,35,0.629,19,114,133,99,37,18,53,103,443,307,46,5286,724,1695,201,545,523,1150,140,189,112,403,515,484,179,63,248,409,1789,115,22,1767,249,528,60,142,189,386,34,55,31,148,179,132,57,24,67,148,592,"0",0,"0","0","0",0,0,0,0,0,0,0,0,0,0,0,0,0,0,0,0,0,0,0,0,0,0,0,0,0,12,0,30,4,14,1,3,3,11,1,2,0,6,6,3,2,1,1,3,10,2016
5357857.60355437,4882442.12859106,5833273.07851768,1.7e+07,10,"Evan Fournier","SG",6.58333333333333,205,"October 29, 1992","fr",4,"","http://www.basketball-reference.com/players/f/fournev01.html",1.7e+07,"2015-16",23,"ORL","NBA","SF",79,71,2566,429,929,0.462,156,390,0.4,273,539,0.506,0.546,199,238,0.836,33,192,225,213,96,2,133,214,1213,251,111,6158,985,2200,352,906,633,1294,429,547,101,514,615,489,189,12,347,574,2751,137,103,4227,682,1504,241,615,441,889,306,385,61,317,378,333,136,4,215,330,1911,"0",0,"0","0","0",0,0,0,0,0,0,0,0,0,0,0,0,0,0,0,0,0,0,0,0,0,0,0,0,0,4,4,53,6,17,0,8,6,9,7,8,0,0,0,4,2,0,6,6,19,2016
6028643.66697591,5010564.15419972,7046723.17975211,16393443,1,"Evan Turner","SG",6.58333333333333,220,"October 27, 1988","us",6,"Ohio State University","http://www.basketball-reference.com/players/t/turneev01.html",16393443,"2015-16",27,"BOS","NBA","SG",81,12,2271,343,753,0.456,20,83,0.241,323,670,0.482,0.469,148,179,0.827,50,347,397,359,80,28,169,139,854,469,241,13390,2026,4692,186,610,1840,4082,795,1023,277,2144,2421,1763,390,105,928,966,5033,163,69,4531,663,1499,53,202,610,1297,254,320,90,724,814,808,163,47,367,319,1633,"2015-16",27,"BOS","NBA","SG",6,4,214,31,85,0.365,3,14,0.214,28,71,0.394,0.382,14,18,0.778,8,26,34,27,8,6,17,19,79,40,20,1027,135,356,13,36,122,320,62,82,28,182,210,101,30,13,67,84,345,2016
1887118.47797067,1413126.71030926,2361110.24563207,8e+06,17,"Garrett Temple","SG",6.5,195,"May 8, 1986","us",6,"Louisiana State University","http://www.basketball-reference.com/players/t/templga01.html",8e+06,"2015-16",29,"WAS","NBA","SF",80,43,1951,201,505,0.398,89,258,0.345,112,247,0.453,0.486,91,125,0.728,36,176,212,140,69,18,64,195,582,309,101,5044,489,1243,177,529,312,714,224,320,117,430,547,436,220,67,251,503,1379,132,61,2686,269,675,122,346,147,329,126,173,60,242,302,196,111,27,98,271,786,"0",0,"0","0","0",0,0,0,0,0,0,0,0,0,0,0,0,0,0,0,0,0,0,0,0,0,0,0,0,0,20,0,50,4,11,2,7,2,4,6,9,1,4,5,3,3,0,6,10,16,2016
3746048.95704517,3252673.70549945,4239424.20859089,1655880,14,"Gary Harris","SG",6.33333333333333,210,"September 14, 1994","us",2,"Michigan State University","http://www.basketball-reference.com/players/h/harriga01.html",1655880,"2015-16",21,"DEN","NBA","SG",76,76,2439,359,765,0.469,105,297,0.354,254,468,0.543,0.538,109,133,0.82,54,166,220,147,97,18,98,143,932,131,82,3158,425,982,126,400,299,582,144,180,75,209,284,176,136,25,136,214,1120,131,82,3158,425,982,126,400,299,582,144,180,75,209,284,176,136,25,136,214,1120,"0",0,"0","0","0",0,0,0,0,0,0,0,0,0,0,0,0,0,0,0,0,0,0,0,0,0,0,0,0,0,0,0,0,0,0,0,0,0,0,0,0,0,0,0,0,0,0,0,0,0,2016
3683307.51168959,3159602.9793284,4207012.04405078,1410598,30,"Gerald Green","SG",6.58333333333333,205,"January 26, 1986","us",9,"","http://www.basketball-reference.com/players/g/greenge01.html",1410598,"2015-16",30,"MIA","NBA","SG",69,14,1557,230,587,0.392,84,260,0.323,146,327,0.446,0.463,72,92,0.783,25,138,163,56,38,19,46,123,616,497,116,10086,1818,4323,657,1818,1161,2505,685,841,257,983,1240,498,269,150,610,967,4978,143,18,3003,554,1365,221,647,333,718,171,212,58,291,349,147,80,31,150,268,1500,"2015-16",30,"MIA","NBA","SG",12,0,110,16,49,0.327,4,14,0.286,12,35,0.343,0.367,4,5,0.8,2,15,17,1,4,1,2,14,40,27,0,241,41,113,16,52,25,61,8,11,4,27,31,4,5,2,10,28,106,2016
4752983.96429322,4199830.79481181,5306137.13377463,9e+06,12,"Gerald Henderson","SG",6.41666666666667,215,"December 9, 1987","us",7,"Duke University","http://www.basketball-reference.com/players/h/hendege02.html",9e+06,"2015-16",28,"POR","NBA","SG",72,0,1431,232,529,0.439,48,136,0.353,184,393,0.468,0.484,112,146,0.767,30,181,211,75,39,19,68,87,624,463,292,12187,2015,4558,188,589,1827,3969,1107,1399,280,1251,1531,897,318,168,577,801,5325,152,72,3746,602,1376,93,272,509,1104,296,363,66,418,484,281,90,41,178,222,1593,"2015-16",28,"POR","NBA","SG",11,0,234,30,82,0.366,7,19,0.368,23,63,0.365,0.409,9,12,0.75,6,29,35,17,6,3,5,21,76,15,4,353,44,119,7,28,37,91,20,29,7,44,51,26,10,4,11,33,115,2016
6230367.5458936,5237383.10765115,7223351.98413604,2995421,34,"Giannis Antetokounmpo","SG",6.91666666666667,222,"December 6, 1994","gr",3,"","http://www.basketball-reference.com/players/a/antetgi01.html",2995421,"2015-16",21,"MIL","NBA","PG",80,79,2823,513,1013,0.506,28,109,0.257,485,904,0.537,0.52,296,409,0.724,113,499,612,345,94,113,208,258,1350,238,173,7261,1069,2211,76,271,993,1940,691,958,291,1202,1493,702,227,259,503,685,2905,161,150,5364,896,1793,35,153,861,1640,553,756,213,941,1154,552,167,198,381,512,2380,"0",0,"0","0","0",0,0,0,0,0,0,0,0,0,0,0,0,0,0,0,0,0,0,0,0,0,0,0,0,0,6,6,201,26,71,0,1,26,70,17,23,12,30,42,16,3,9,11,18,69,2016
3169620.73851481,2558396.51694888,3780844.96008073,1015696,31,"Hollis Thompson","SG",6.66666666666667,206,"April 3, 1991","us",3,"Georgetown University","http://www.basketball-reference.com/players/t/thompho01.html",1015696,"2015-16",24,"PHI","NBA","SG",77,17,2154,270,680,0.397,149,392,0.38,121,288,0.42,0.507,69,96,0.719,54,218,272,99,36,24,76,187,758,225,81,5672,665,1595,331,846,334,749,184,258,180,537,717,257,146,62,202,472,1845,148,40,3930,494,1223,264,679,230,544,132,185,107,363,470,184,93,50,142,328,1384,"0",0,"0","0","0",0,0,0,0,0,0,0,0,0,0,0,0,0,0,0,0,0,0,0,0,0,0,0,0,0,0,0,0,0,0,0,0,0,0,0,0,0,0,0,0,0,0,0,0,0,2016
533515.037014216,-88390.579551187,1155420.65357962,1015696,21,"Ian Clark","SG",6.25,175,"March 7, 1991","us",3,"Belmont University","http://www.basketball-reference.com/players/c/clarkia01.html",1015696,"2015-16",24,"GSW","NBA","SG",66,1,578,89,202,0.441,30,84,0.357,59,118,0.5,0.515,28,34,0.824,13,55,68,64,17,13,43,58,236,119,1,942,134,324,51,145,83,179,42,50,20,83,103,91,34,18,66,102,361,96,1,770,108,257,40,114,68,143,37,43,17,67,84,76,26,16,52,78,293,"2015-16",24,"GSW","NBA","SG",16,0,154,26,53,0.491,6,18,0.333,20,35,0.571,0.547,8,10,0.8,2,15,17,16,8,0,9,18,66,16,0,154,26,53,6,18,20,35,8,10,2,15,17,16,8,0,9,18,66,2016
3981314.05036974,3304378.19004564,4658249.91069384,9700000,4,"Iman Shumpert","SG",6.41666666666667,220,"June 26, 1990","us",5,"Georgia Institute of Technology","http://www.basketball-reference.com/players/s/shumpim01.html",9700000,"2015-16",25,"CLE","NBA","SG",54,5,1316,114,305,0.374,43,146,0.295,71,159,0.447,0.444,40,51,0.784,32,171,203,92,54,19,57,119,311,294,168,7524,813,2069,285,854,528,1215,259,342,241,816,1057,595,371,63,375,738,2170,116,30,2861,307,776,110,342,197,434,83,115,87,340,427,227,135,35,148,257,807,"2015-16",25,"CLE","NBA","SG",21,0,367,25,60,0.417,13,34,0.382,12,26,0.462,0.525,7,11,0.636,10,37,47,17,10,3,13,36,70,54,29,1418,125,326,64,170,61,156,49,65,51,167,218,56,49,22,41,124,363,2016
4666902.27639415,4071167.94994279,5262636.60284551,1015696,0,"Isaiah Canaan","SG",6,201,"May 21, 1991","us",3,"Murray State University","http://www.basketball-reference.com/players/c/canaais01.html",1015696,"2015-16",24,"PHI","NBA","SG",77,39,1966,260,722,0.36,176,485,0.363,84,237,0.354,0.482,150,180,0.833,20,154,174,137,56,12,91,133,846,146,60,3156,437,1187,285,786,152,401,220,269,45,240,285,257,93,19,174,241,1379,124,60,2904,406,1100,267,731,139,369,199,240,38,223,261,235,85,15,153,216,1278,"0",0,"0","0","0",0,0,0,0,0,0,0,0,0,0,0,0,0,0,0,0,0,0,0,0,0,0,0,0,0,0,0,0,0,0,0,0,0,0,0,0,0,0,0,0,0,0,0,0,0,2016
8443507.51832131,7663562.14814653,9223452.88849608,13253012,11,"Jamal Crawford","SG",6.41666666666667,200,"March 20, 1980","us",16,"University of Michigan","http://www.basketball-reference.com/players/c/crawfja01.html",13253012,"2015-16",35,"LAC","NBA","SG",79,5,2126,379,939,0.404,117,344,0.34,262,595,0.44,0.466,245,271,0.904,20,125,145,183,52,12,113,122,1120,1100,432,33967,5909,14413,1933,5539,3976,8874,3325,3860,420,2215,2635,3910,1045,236,2148,1732,17076,143,9,3829,711,1778,236,708,475,1070,472,523,38,231,269,341,111,26,205,230,2130,"2015-16",35,"LAC","NBA","SG",6,1,199,39,103,0.379,4,21,0.19,35,82,0.427,0.398,22,25,0.88,2,11,13,13,10,0,9,9,104,62,1,1761,315,831,94,306,221,525,189,219,17,103,120,136,56,11,81,119,913,2016
1729772.42285167,1296030.6463585,2163514.19934485,1825200,13,"James Young","SG",6.5,215,"August 16, 1995","us",2,"University of Kentucky","http://www.basketball-reference.com/players/y/youngja01.html",1825200,"2015-16",20,"BOS","NBA","SG",29,0,199,11,36,0.306,6,26,0.231,5,10,0.5,0.389,1,4,0.25,4,22,26,9,6,1,5,17,29,60,0,531,47,138,23,92,24,46,17,33,13,55,68,22,14,3,10,39,134,60,0,531,47,138,23,92,24,46,17,33,13,55,68,22,14,3,10,39,134,"2015-16",20,"BOS","NBA","SG",3,0,10,1,3,0.333,0,1,0,1,2,0.5,0.333,0,0,0,0,0,0,0,0,0,1,1,2,3,0,10,1,3,0,1,1,2,0,0,0,0,0,0,0,0,1,1,2,2016
4510068.98120098,3547619.68067617,5472518.28172579,1551659,3,"Jason Terry","SG",6.16666666666667,185,"September 15, 1977","us",17,"University of Arizona","http://www.basketball-reference.com/players/t/terryja01.html",1551659,"2015-16",38,"HOU","NBA","SG",72,7,1258,151,376,0.402,93,261,0.356,58,115,0.504,0.525,27,33,0.818,14,65,79,103,47,9,49,91,422,1285,675,39855,6750,15188,2169,5724,4581,9464,2739,3240,482,2638,3120,5258,1515,242,2354,2430,18408,149,25,2899,339,822,219,584,120,238,66,81,29,171,200,250,113,28,123,207,963,"2015-16",38,"HOU","NBA","SG",5,0,124,13,38,0.342,6,19,0.316,7,19,0.368,0.421,3,3,1,1,10,11,6,2,1,3,13,35,115,64,3876,626,1414,217,559,409,855,260,314,47,247,294,368,108,23,186,267,1729,2016
2185530.93937061,1661096.3333289,2709965.54541232,6511628,3,"Jeremy Lamb","SG",6.41666666666667,185,"May 30, 1992","us",4,"University of Connecticut","http://www.basketball-reference.com/players/l/lambje01.html",6511628,"2015-16",23,"CHO","NBA","SG",66,0,1227,230,510,0.451,56,181,0.309,174,329,0.529,0.506,64,88,0.727,44,208,252,77,42,30,50,105,580,214,8,3545,621,1437,191,569,430,868,178,221,84,482,566,241,121,64,144,313,1611,113,8,1860,334,760,94,292,240,468,113,143,52,307,359,121,63,36,77,157,875,"2015-16",23,"CHO","NBA","SG",3,0,12,5,9,0.556,1,1,1,4,8,0.5,0.611,0,0,0,1,3,4,1,0,0,0,0,11,14,0,112,22,51,3,15,19,36,4,4,5,15,20,8,7,1,3,8,51,2016
7782382.3282035,6835027.41643501,8729737.239972,7377500,4,"J.J. Redick","SG",6.33333333333333,190,"June 24, 1984","us",10,"Duke University","http://www.basketball-reference.com/players/r/redicjj01.html",7377500,"2015-16",31,"LAC","NBA","SG",75,75,2097,422,880,0.48,200,421,0.475,222,459,0.484,0.593,182,205,0.888,10,129,139,106,42,5,78,135,1226,612,241,14967,2365,5282,1070,2596,1295,2686,1241,1398,118,1035,1153,1166,268,39,627,894,7041,153,153,4506,869,1818,400,879,469,939,365,408,32,274,306,243,81,13,173,269,2503,"2015-16",31,"LAC","NBA","SG",6,6,166,34,79,0.43,11,31,0.355,23,48,0.479,0.5,2,3,0.667,1,11,12,5,1,1,5,11,81,81,41,1986,272,644,118,321,154,323,127,142,11,116,127,127,43,8,91,142,789,2016
3346350.14869976,2798966.19929867,3893734.09810085,6540000,20,"Jodie Meeks","SG",6.33333333333333,210,"August 21, 1987","us",7,"University of Kentucky","http://www.basketball-reference.com/players/m/meeksjo01.html",6540000,"2015-16",28,"DET","NBA","SG",3,0,43,7,20,0.35,4,9,0.444,3,11,0.273,0.45,4,4,1,1,4,5,3,0,0,1,2,22,418,194,10149,1384,3281,639,1713,745,1568,716,812,127,778,905,460,349,27,335,531,4123,63,0,1505,229,554,78,221,151,333,149,164,13,96,109,82,59,6,58,78,685,"2015-16",28,"DET","NBA","SG",1,0,2,1,1,1,0,0,0,1,1,1,1,0,0,0,0,0,0,0,0,0,0,0,2,20,6,249,24,62,11,33,13,29,21,22,5,11,16,8,7,1,8,19,80,2016
1466139.51607935,997433.244855273,1934845.78730343,980431,12,"Joe Harris","SG",6.5,219,"September 7, 1991","us",2,"University of Virginia","http://www.basketball-reference.com/players/h/harrijo01.html",980431,"2015-16",24,"CLE","NBA","SG",5,0,15,1,4,0.25,1,4,0.25,0,0,0,0.375,0,0,0,0,3,3,2,0,0,1,1,3,56,1,508,49,124,32,88,17,36,9,15,7,37,44,28,7,2,28,63,139,56,1,508,49,124,32,88,17,36,9,15,7,37,44,28,7,2,28,63,139,"0",0,"0","0","0",0,0,0,0,0,0,0,0,0,0,0,0,0,0,0,0,0,0,0,0,0,0,0,0,0,6,0,16,2,6,1,3,1,3,3,4,0,1,1,1,0,0,1,1,8,2016
2062252.26327681,1631625.08660302,2492879.43995059,1050961,23,"John Jenkins","SG",6.33333333333333,215,"March 6, 1991","us",4,"Vanderbilt University","http://www.basketball-reference.com/players/j/jenkijo01.html",1050961,"2015-16",24,"TOT","NBA","SG",43,3,480,71,160,0.444,16,51,0.314,55,109,0.505,0.494,20,24,0.833,8,49,57,35,8,1,27,22,178,141,8,1837,267,595,94,259,173,336,99,117,30,182,212,115,31,12,86,85,727,67,6,777,120,259,37,103,83,156,36,43,10,86,96,48,18,1,35,37,313,"0",0,"0","0","0",0,0,0,0,0,0,0,0,0,0,0,0,0,0,0,0,0,0,0,0,0,0,0,0,0,8,0,45,4,9,2,5,2,4,0,0,1,4,5,3,0,0,2,4,10,2016
977748.227459032,501174.285783867,1454322.1691342,874636,17,"Jonathon Simmons","SG",6.5,195,"September 14, 1989","us",1,"University of Houston","http://www.basketball-reference.com/players/s/simmojo02.html",874636,"2015-16",26,"SAS","NBA","SG",55,2,813,122,242,0.504,18,47,0.383,104,195,0.533,0.541,69,92,0.75,16,80,96,58,24,5,53,103,331,55,2,813,122,242,18,47,104,195,69,92,16,80,96,58,24,5,53,103,331,55,2,813,122,242,18,47,104,195,69,92,16,80,96,58,24,5,53,103,331,"2015-16",26,"SAS","NBA","SG",3,0,26,4,10,0.4,2,3,0.667,2,7,0.286,0.5,1,2,0.5,3,1,4,2,2,0,1,4,11,3,0,26,4,10,2,3,2,7,1,2,3,1,4,2,2,0,1,4,11,2016
5938340.10295973,5259532.28068389,6617147.92523557,12500000,6,"Jordan Clarkson","SG",6.41666666666667,194,"June 7, 1992","us",2,"University of Missouri","http://www.basketball-reference.com/players/c/clarkjo01.html",12500000,"2015-16",23,"LAL","NBA","SG",79,79,2552,475,1098,0.433,111,320,0.347,364,778,0.468,0.483,164,204,0.804,93,220,313,192,88,7,135,168,1225,138,117,4028,742,1694,149,441,593,1253,295,362,149,355,504,398,139,19,231,277,1928,138,117,4028,742,1694,149,441,593,1253,295,362,149,355,504,398,139,19,231,277,1928,"0",0,"0","0","0",0,0,0,0,0,0,0,0,0,0,0,0,0,0,0,0,0,0,0,0,0,0,0,0,0,0,0,0,0,0,0,0,0,0,0,0,0,0,0,0,0,0,0,0,0,2016
1204394.41840096,568333.97546438,1840454.86133753,874636,12,"Jordan McRae","SG",6.5,185,"March 28, 1991","us",1,"University of Tennessee","http://www.basketball-reference.com/players/m/mcraejo01.html",874636,"2015-16",24,"TOT","NBA","PG",22,1,195,34,78,0.436,10,22,0.455,24,56,0.429,0.5,21,28,0.75,4,16,20,25,3,1,15,17,99,22,1,195,34,78,10,22,24,56,21,28,4,16,20,25,3,1,15,17,99,22,1,195,34,78,10,22,24,56,21,28,4,16,20,25,3,1,15,17,99,"2015-16",24,"CLE","NBA","PG",2,0,4,4,4,1,1,1,1,3,3,1,1.125,0,0,0,0,2,2,0,0,0,0,0,9,2,0,4,4,4,1,1,3,3,0,0,0,2,2,0,0,0,0,0,9,2016
1540250.432803,1098328.31278257,1982172.55282343,874636,0,"Josh Richardson","SG",6.5,200,"September 15, 1993","us",1,"University of Tennessee","http://www.basketball-reference.com/players/r/richajo01.html",874636,"2015-16",22,"MIA","NBA","SG",52,2,1107,123,272,0.452,53,115,0.461,70,157,0.446,0.55,42,63,0.667,21,86,107,73,36,25,35,107,341,52,2,1107,123,272,53,115,70,157,42,63,21,86,107,73,36,25,35,107,341,52,2,1107,123,272,53,115,70,157,42,63,21,86,107,73,36,25,35,107,341,"2015-16",22,"MIA","NBA","SG",14,0,387,33,89,0.371,17,46,0.37,16,43,0.372,0.466,10,14,0.714,10,40,50,22,6,13,12,37,93,14,0,387,33,89,17,46,16,43,10,14,10,40,50,22,6,13,12,37,93,2016
8396861.94843508,7282255.76005304,9511468.13681713,12800000,5,"J.R. Smith","SG",6.5,225,"September 9, 1985","us",12,"","http://www.basketball-reference.com/players/s/smithjr01.html",12800000,"2015-16",30,"CLE","NBA","SG",77,77,2362,353,850,0.415,204,510,0.4,149,340,0.438,0.535,45,71,0.634,43,174,217,130,81,21,59,204,955,839,295,22543,3983,9413,1679,4476,2304,4937,1399,1907,448,2254,2702,1850,854,179,1193,1929,11044,147,128,4442,668,1605,367,936,301,669,99,143,73,362,435,325,163,43,156,367,1802,"2015-16",30,"CLE","NBA","SG",21,21,730,82,188,0.436,65,151,0.43,17,37,0.459,0.609,13,21,0.619,7,60,67,29,26,5,11,55,242,90,25,2641,397,994,204,579,193,415,139,195,43,276,319,146,91,28,105,249,1137,2016
1254913.10626465,733185.009633155,1776641.20289615,1015696,8,"Justin Holiday","SG",6.5,185,"April 5, 1989","us",3,"University of Washington","http://www.basketball-reference.com/players/h/holidju01.html",1015696,"2015-16",26,"TOT","NBA","SG",53,5,773,88,228,0.386,36,105,0.343,52,123,0.423,0.465,27,37,0.73,12,78,90,56,32,19,39,61,239,121,9,1572,195,511,75,230,120,281,70,90,24,153,177,119,75,37,77,122,535,112,9,1430,179,463,71,214,108,249,64,82,24,139,163,104,72,31,68,115,493,"0",0,"0","0","0",0,0,0,0,0,0,0,0,0,0,0,0,0,0,0,0,0,0,0,0,0,0,0,0,0,5,0,11,1,2,1,1,0,1,0,0,0,1,1,1,0,0,2,1,3,2016
6566112.08217656,5803348.46365163,7328875.7007015,3678319,5,"Kentavious Caldwell-Pope","SG",6.41666666666667,205,"February 18, 1993","us",3,"University of Georgia","http://www.basketball-reference.com/players/c/caldwke01.html",3678319,"2015-16",22,"DET","NBA","SG",76,76,2789,403,960,0.42,114,369,0.309,289,591,0.489,0.479,185,228,0.811,70,212,282,138,110,17,105,167,1105,238,199,6959,975,2392,326,998,649,1394,342,447,154,539,693,302,278,47,227,473,2618,158,158,5376,793,1932,267,813,526,1119,295,386,116,421,537,247,203,35,199,328,2148,"2015-16",22,"DET","NBA","SG",4,4,161,22,50,0.44,12,27,0.444,10,23,0.435,0.56,5,7,0.714,2,15,17,11,7,1,2,7,61,4,4,161,22,50,12,27,10,23,5,7,2,15,17,11,7,1,2,7,61,2016
7485177.77815122,6788238.81014529,8182116.74615715,15200000,22,"Khris Middleton","SG",6.66666666666667,234,"August 12, 1991","us",4,"Texas A&M University","http://www.basketball-reference.com/players/m/middlkh01.html",15200000,"2015-16",24,"MIL","NBA","SG",79,79,2852,507,1142,0.444,143,361,0.396,364,781,0.466,0.507,277,312,0.888,44,258,302,331,131,19,180,204,1434,267,201,8165,1351,3006,386,964,965,2042,556,637,156,853,1009,710,351,54,427,683,3644,158,137,5230,913,2011,252,629,661,1382,411,468,92,557,649,513,253,30,293,387,2489,"0",0,"0","0","0",0,0,0,0,0,0,0,0,0,0,0,0,0,0,0,0,0,0,0,0,0,0,0,0,0,6,6,232,35,92,11,34,24,58,14,15,7,15,22,12,14,3,10,14,95,2016
14058362.7309546,12913068.8763373,15203656.5855718,16663575,11,"Klay Thompson","SG",6.58333333333333,215,"February 8, 1990","us",5,"Washington State University","http://www.basketball-reference.com/players/t/thompkl01.html",16663575,"2015-16",25,"GSW","NBA","SG",80,80,2666,651,1386,0.47,276,650,0.425,375,736,0.51,0.569,193,221,0.873,35,271,306,166,60,49,138,152,1771,386,349,12533,2638,5867,1060,2524,1578,3343,776,910,156,1113,1269,885,356,211,682,900,7112,157,157,5121,1253,2685,515,1195,738,1490,418,477,62,491,553,388,147,109,287,274,3439,"2015-16",25,"GSW","NBA","SG",24,24,849,201,453,0.444,98,231,0.424,103,222,0.464,0.552,82,96,0.854,15,73,88,54,26,9,47,53,582,64,64,2362,466,1059,196,480,270,579,142,171,37,211,248,155,61,40,127,185,1270,2016
1769931.69393992,1121408.37664317,2418455.01123666,1192080,1,"Kyle Anderson","SG",6.75,230,"September 20, 1993","us",2,"University of California, Los Angeles","http://www.basketball-reference.com/players/a/anderky01.html",1192080,"2015-16",22,"SAS","NBA","SF",78,11,1245,138,295,0.468,12,37,0.324,126,258,0.488,0.488,62,83,0.747,25,219,244,123,60,29,59,97,350,111,19,1603,169,384,15,48,154,336,71,97,30,286,316,151,75,36,69,125,424,111,19,1603,169,384,15,48,154,336,71,97,30,286,316,151,75,36,69,125,424,"2015-16",22,"SAS","NBA","SF",10,0,129,8,25,0.32,1,3,0.333,7,22,0.318,0.34,6,7,0.857,2,22,24,7,6,3,4,11,23,10,0,129,8,25,1,3,7,22,6,7,2,22,24,7,6,3,4,11,23,2016
6719838.65745962,5663248.57732993,7776428.73758932,5239437,26,"Kyle Korver","SG",6.58333333333333,212,"March 17, 1981","us",13,"Creighton University","http://www.basketball-reference.com/players/k/korveky01.html",5239437,"2015-16",34,"ATL","NBA","SG",80,80,2401,268,616,0.435,158,397,0.398,110,219,0.502,0.563,45,54,0.833,14,246,260,164,60,35,98,161,739,964,396,25562,3315,7502,1887,4395,1428,3107,1100,1251,305,2703,3008,1767,688,331,1059,2101,9617,155,155,4819,560,1216,379,846,181,370,151,172,29,535,564,360,112,77,205,301,1650,"2015-16",34,"ATL","NBA","SG",10,8,316,35,75,0.467,24,54,0.444,11,21,0.524,0.627,9,9,1,3,45,48,10,9,4,8,23,103,91,38,2391,271,651,165,428,106,223,90,101,18,247,265,119,62,41,92,201,797,2016
3034636.05212428,2243480.9036939,3825791.20055466,4e+06,19,"Leandro Barbosa","SG",6.25,194,"November 28, 1982","br",13,"","http://www.basketball-reference.com/players/b/barbole01.html",4e+06,"2015-16",33,"GSW","NBA","SG",68,0,1079,171,370,0.462,39,110,0.355,132,260,0.508,0.515,52,62,0.839,28,89,117,82,44,10,53,107,433,783,112,17423,3231,7017,953,2458,2278,4559,1201,1466,304,1312,1616,1694,662,113,1013,1569,8616,134,1,2061,354,756,82,222,272,534,110,136,51,157,208,181,85,18,97,194,900,"2015-16",33,"GSW","NBA","SG",23,0,254,51,88,0.58,11,28,0.393,40,60,0.667,0.642,16,21,0.762,11,16,27,15,11,1,11,24,129,119,5,2196,358,819,87,262,271,557,147,191,45,161,206,166,60,11,111,218,950,2016
7797729.84077356,6661403.77530407,8934055.90624306,7e+06,23,"Lou Williams","SG",6.08333333333333,175,"October 27, 1986","us",11,"","http://www.basketball-reference.com/players/w/willilo02.html",7e+06,"2015-16",29,"LAL","NBA","SG",67,35,1907,283,693,0.408,110,320,0.344,173,373,0.464,0.488,352,424,0.83,31,138,169,167,62,19,107,107,1028,701,89,16442,2772,6670,786,2301,1986,4369,2274,2780,257,1179,1436,2036,612,121,988,971,8604,147,35,3923,658,1621,262,767,396,854,692,819,55,265,320,331,150,29,208,210,2270,"0",0,"0","0","0",0,0,0,0,0,0,0,0,0,0,0,0,0,0,0,0,0,0,0,0,0,0,0,0,0,41,0,1007,147,406,31,130,116,276,117,150,10,75,85,96,40,2,55,63,442,2016
6000799.07257939,4427235.84416,7574362.30099878,1.4e+07,20,"Manu Ginobili","SG",6.5,205,"July 28, 1977","ar",14,"","http://www.basketball-reference.com/players/g/ginobma01.html",1.4e+07,"2015-16",38,"SAS","NBA","SG",58,0,1134,197,435,0.453,70,179,0.391,127,256,0.496,0.533,91,112,0.813,26,120,146,177,66,11,99,99,555,923,349,24269,4212,9360,1342,3636,2870,5724,3184,3851,638,2760,3398,3655,1267,287,1915,1967,12950,128,0,2721,448,1024,159,437,289,587,238,316,54,303,357,470,133,31,253,237,1293,"2015-16",38,"SAS","NBA","SG",10,0,192,20,47,0.426,9,21,0.429,11,26,0.423,0.521,18,23,0.783,6,21,27,25,8,3,7,25,67,197,52,5684,901,2075,309,847,592,1228,792,967,144,676,820,772,269,58,462,547,2903,2016
4373853.06703442,3867638.56808168,4880067.56598715,6333333,21,"Marco Belinelli","SG",6.41666666666667,210,"March 25, 1986","it",9,"","http://www.basketball-reference.com/players/b/belinma01.html",6333333,"2015-16",29,"SAC","NBA","SG",68,7,1672,245,635,0.386,91,297,0.306,154,338,0.456,0.457,115,138,0.833,10,107,117,127,37,2,80,91,696,570,216,13125,1940,4576,751,1979,1189,2597,798,972,130,1013,1143,933,331,35,595,875,5429,130,16,3060,444,1105,177,527,267,578,199,237,36,238,274,221,68,5,141,176,1264,"0",0,"0","0","0",0,0,0,0,0,0,0,0,0,0,0,0,0,0,0,0,0,0,0,0,0,0,0,0,0,48,13,970,131,308,54,141,77,167,65,72,6,99,105,64,15,0,36,71,381,2016
3672283.06311078,3193085.79260241,4151480.33361914,1315448,15,"Marcus Thornton","SG",6.33333333333333,205,"June 5, 1987","us",7,"Louisiana State University","http://www.basketball-reference.com/players/t/thornma01.html",1315448,"2015-16",28,"TOT","NBA","SG",61,8,1109,216,542,0.399,91,270,0.337,125,272,0.46,0.482,67,79,0.848,38,112,150,85,47,4,51,90,590,450,134,10724,2040,4793,707,1971,1333,2822,744,897,385,887,1272,636,386,58,466,691,5531,109,8,1830,356,887,145,413,211,474,113,135,61,175,236,121,74,11,78,128,970,"0",0,"0","0","0",0,0,0,0,0,0,0,0,0,0,0,0,0,0,0,0,0,0,0,0,0,0,0,0,0,10,0,124,21,54,5,21,16,33,12,18,7,12,19,1,2,1,2,4,59,2016
9207900.49703591,8493603.64344682,9922197.350625,10770000,11,"Monta Ellis","SG",6.25,185,"October 26, 1985","us",11,"","http://www.basketball-reference.com/players/e/ellismo01.html",10770000,"2015-16",30,"IND","NBA","SG",81,81,2734,436,1021,0.427,87,282,0.309,349,739,0.472,0.47,162,206,0.786,42,229,271,383,150,37,203,174,1121,759,680,27013,5476,12131,694,2214,4782,9917,2582,3335,501,2169,2670,3620,1331,254,2111,1801,14228,161,161,5433,1038,2375,168,566,870,1809,390,509,76,385,461,712,298,62,401,371,2634,"2015-16",30,"IND","NBA","SG",7,7,225,33,76,0.434,7,21,0.333,26,55,0.473,0.48,8,10,0.8,4,23,27,30,15,0,17,17,81,34,29,1061,193,451,34,113,159,338,79,105,24,74,98,108,54,7,82,85,499,2016
3952768.97087225,3458545.26840003,4446992.67334447,5443918,0,"Nick Young","SG",6.58333333333333,210,"June 1, 1985","us",9,"University of Southern California","http://www.basketball-reference.com/players/y/youngni01.html",5443918,"2015-16",30,"LAL","NBA","SG",54,2,1033,126,372,0.339,77,237,0.325,49,135,0.363,0.442,63,76,0.829,14,83,97,34,23,7,30,50,392,576,133,13433,2418,5790,743,2009,1675,3781,1234,1481,215,948,1163,591,319,113,634,1075,6813,96,2,2033,300,848,160,462,140,386,195,224,31,162,193,75,46,18,74,133,955,"0",0,"0","0","0",0,0,0,0,0,0,0,0,0,0,0,0,0,0,0,0,0,0,0,0,0,0,0,0,0,15,0,217,30,76,17,35,13,41,19,22,2,12,14,4,5,4,8,21,96,2016
8824293.47270801,7846955.89020666,9801631.05520936,20869566,5,"Nicolas Batum","SG",6.66666666666667,200,"December 14, 1988","fr",8,"","http://www.basketball-reference.com/players/b/batumni01.html",20869566,"2015-16",27,"CHO","NBA","SF",70,70,2448,372,873,0.426,139,399,0.348,233,474,0.492,0.506,163,192,0.849,55,373,428,403,65,43,205,114,1046,551,498,17276,2301,5202,890,2470,1411,2732,944,1129,636,2224,2860,1849,508,397,985,1036,6436,141,141,4828,612,1473,239,708,373,765,247,290,117,727,844,744,143,83,337,220,1710,"2015-16",27,"CHO","NBA","SF",5,2,144,17,45,0.378,6,22,0.273,11,23,0.478,0.444,17,20,0.85,2,16,18,10,2,0,8,6,57,39,29,1165,149,349,58,172,91,177,48,60,24,153,177,103,25,13,62,72,404,2016
3022198.36931271,2563866.03654908,3480530.70207634,2993040,11,"Nik Stauskas","SG",6.5,205,"October 7, 1993","ca",2,"University of Michigan","http://www.basketball-reference.com/players/s/stausni01.html",2993040,"2015-16",22,"PHI","NBA","SG",73,35,1809,210,545,0.385,106,325,0.326,104,220,0.473,0.483,91,118,0.771,23,160,183,138,44,20,94,115,617,146,36,2936,318,841,154,474,164,367,146,182,34,237,271,205,64,37,134,207,936,146,36,2936,318,841,154,474,164,367,146,182,34,237,271,205,64,37,134,207,936,"0",0,"0","0","0",0,0,0,0,0,0,0,0,0,0,0,0,0,0,0,0,0,0,0,0,0,0,0,0,0,0,0,0,0,0,0,0,0,0,0,0,0,0,0,0,0,0,0,0,0,2016
2406371.6491962,1980729.8603512,2832013.43804119,874636,24,"Norman Powell","SG",6.33333333333333,215,"May 25, 1993","us",1,"University of California, Los Angeles","http://www.basketball-reference.com/players/p/powelno01.html",874636,"2015-16",22,"TOR","NBA","SG",49,24,725,97,229,0.424,36,89,0.404,61,140,0.436,0.502,43,53,0.811,16,95,111,47,29,10,32,59,273,49,24,725,97,229,36,89,61,140,43,53,16,95,111,47,29,10,32,59,273,49,24,725,97,229,36,89,61,140,43,53,16,95,111,47,29,10,32,59,273,"2015-16",22,"TOR","NBA","SG",18,3,206,27,70,0.386,7,26,0.269,20,44,0.455,0.436,7,8,0.875,4,23,27,6,13,2,5,18,68,18,3,206,27,70,7,26,20,44,7,8,4,23,27,6,13,2,5,18,68,2016
1551491.199499,1087165.26840165,2015817.13059634,874636,5,"Pat Connaughton","SG",6.41666666666667,206,"January 6, 1993","us",1,"University of Notre Dame","http://www.basketball-reference.com/players/c/connapa01.html",874636,"2015-16",23,"POR","NBA","SG",34,0,143,13,49,0.265,5,21,0.238,8,28,0.286,0.316,5,5,1,11,21,32,10,2,0,10,6,36,34,0,143,13,49,5,21,8,28,5,5,11,21,32,10,2,0,10,6,36,34,0,143,13,49,5,21,8,28,5,5,11,21,32,10,2,0,10,6,36,"2015-16",23,"POR","NBA","SG",6,0,8,3,5,0.6,2,3,0.667,1,2,0.5,0.8,0,0,0,0,1,1,0,0,0,0,0,8,6,0,8,3,5,2,3,1,2,0,0,0,1,1,0,0,0,0,0,8,2016
4169923.92849625,3122965.6929729,5216882.16401961,6e+06,2,"Patrick Beverley","SG",6.08333333333333,185,"July 12, 1988","us",4,"University of Arkansas","http://www.basketball-reference.com/players/b/beverpa01.html",6e+06,"2015-16",27,"HOU","NBA","PG",71,63,2041,258,594,0.434,124,310,0.4,134,284,0.472,0.539,60,88,0.682,73,177,250,239,94,26,91,234,700,224,173,6232,740,1796,367,984,373,812,222,291,257,535,792,699,267,93,284,673,2069,127,118,3768,462,1126,239,633,223,493,105,148,140,347,487,431,153,49,174,416,1268,"2015-16",27,"HOU","NBA","PG",5,5,129,10,37,0.27,3,14,0.214,7,23,0.304,0.311,6,6,1,4,18,22,11,2,2,4,17,29,17,16,531,57,152,18,60,39,92,20,23,28,52,80,39,12,8,14,62,152,2016
3358965.19172603,2934515.83725395,3783414.54619812,2500000,2,"Randy Foye","SG",6.33333333333333,213,"September 24, 1983","us",10,"Villanova University","http://www.basketball-reference.com/players/f/foyera01.html",2500000,"2015-16",32,"TOT","NBA","SG",81,8,1642,169,482,0.351,75,250,0.3,94,232,0.405,0.428,61,74,0.824,24,132,156,161,39,29,86,131,474,683,393,17995,2586,6425,1037,2814,1549,3611,1163,1366,236,1295,1531,1977,493,211,1026,1485,7372,131,29,2729,317,884,169,513,148,371,106,129,33,208,241,280,73,40,146,228,909,"2015-16",32,"OKC","NBA","SG",16,0,190,14,41,0.341,8,26,0.308,6,15,0.4,0.439,4,4,1,2,18,20,13,2,3,11,18,40,27,11,481,43,115,22,58,21,57,15,17,6,36,42,30,8,6,23,37,123,2016
1584425.8909399,1208790.69087371,1960061.09100609,1811040,20,"Rashad Vaughn","SG",6.5,202,"August 16, 1996","us",1,"University of Nevada, Las Vegas","http://www.basketball-reference.com/players/v/vaughra01.html",1811040,"2015-16",19,"MIL","NBA","SG",70,6,1001,81,266,0.305,43,147,0.293,38,119,0.319,0.385,12,15,0.8,11,77,88,39,29,16,28,73,217,70,6,1001,81,266,43,147,38,119,12,15,11,77,88,39,29,16,28,73,217,70,6,1001,81,266,43,147,38,119,12,15,11,77,88,39,29,16,28,73,217,"0",0,"0","0","0",0,0,0,0,0,0,0,0,0,0,0,0,0,0,0,0,0,0,0,0,0,0,0,0,0,0,0,0,0,0,0,0,0,0,0,0,0,0,0,0,0,0,0,0,0,2016
1102167.27321115,528771.062397342,1675563.48402496,1200240,31,"R.J. Hunter","SG",6.41666666666667,185,"October 24, 1993","us",1,"Georgia State University","http://www.basketball-reference.com/players/h/hunterj01.html",1200240,"2015-16",22,"BOS","NBA","SG",36,0,315,36,98,0.367,19,63,0.302,17,35,0.486,0.464,6,7,0.857,2,35,37,13,14,4,11,29,97,36,0,315,36,98,19,63,17,35,6,7,2,35,37,13,14,4,11,29,97,36,0,315,36,98,19,63,17,35,6,7,2,35,37,13,14,4,11,29,97,"2015-16",22,"BOS","NBA","SG",5,0,41,2,9,0.222,1,5,0.2,1,4,0.25,0.278,0,0,0,1,5,6,3,0,1,1,3,5,5,0,41,2,9,1,5,1,4,0,0,1,5,6,3,0,1,1,3,5,2016
4878839.49535711,4320618.45739457,5437060.53331964,1406520,5,"Rodney Hood","SG",6.66666666666667,206,"October 20, 1992","us",2,"Duke University","http://www.basketball-reference.com/players/h/hoodro01.html",1406520,"2015-16",23,"UTA","NBA","SG",79,79,2541,408,972,0.42,161,449,0.359,247,523,0.472,0.503,172,200,0.86,38,229,267,213,73,16,125,202,1149,129,100,3605,563,1346,223,619,340,727,233,280,47,337,384,296,103,28,170,321,1582,129,100,3605,563,1346,223,619,340,727,233,280,47,337,384,296,103,28,170,321,1582,"0",0,"0","0","0",0,0,0,0,0,0,0,0,0,0,0,0,0,0,0,0,0,0,0,0,0,0,0,0,0,0,0,0,0,0,0,0,0,0,0,0,0,0,0,0,0,0,0,0,0,2016
2558675.55635653,1980667.54982532,3136683.56288774,1410598,18,"Sasha Vujacic","SG",6.58333333333333,195,"March 8, 1984","si",9,"","http://www.basketball-reference.com/players/v/vujacsa01.html",1410598,"2015-16",31,"NYK","NBA","SG",61,25,908,106,277,0.383,52,143,0.364,54,134,0.403,0.477,32,39,0.821,26,123,149,84,34,5,44,83,296,539,54,8500,1033,2621,510,1377,523,1244,394,455,193,841,1034,696,323,32,312,842,2970,61,25,908,106,277,52,143,54,134,32,39,26,123,149,84,34,5,44,83,296,"0",0,"0","0","0",0,0,0,0,0,0,0,0,0,0,0,0,0,0,0,0,0,0,0,0,0,0,0,0,0,65,0,954,105,287,63,164,42,123,51,58,23,84,107,42,29,8,37,104,324,2016
2240396.8534035,1763659.38873452,2717134.31807248,980431,6,"Sean Kilpatrick","SG",6.33333333333333,210,"January 6, 1990","us",2,"University of Cincinnati","http://www.basketball-reference.com/players/k/kilpase01.html",980431,"2015-16",26,"TOT","NBA","SG",31,0,616,123,270,0.456,39,114,0.342,84,156,0.538,0.528,60,67,0.896,12,44,56,29,12,2,31,37,345,35,0,688,130,290,43,127,87,163,64,71,13,49,62,33,15,2,33,40,367,35,0,688,130,290,43,127,87,163,64,71,13,49,62,33,15,2,33,40,367,"0",0,"0","0","0",0,0,0,0,0,0,0,0,0,0,0,0,0,0,0,0,0,0,0,0,0,0,0,0,0,0,0,0,0,0,0,0,0,0,0,0,0,0,0,0,0,0,0,0,0,2016
3868036.60015891,3377602.1303246,4358471.06999322,2281605,10,"Tim Hardaway","SG",6.5,205,"March 16, 1992","us",3,"University of Michigan","http://www.basketball-reference.com/players/h/hardati02.html",2281605,"2015-16",23,"ATL","NBA","SG",51,1,864,114,265,0.43,48,142,0.338,66,123,0.537,0.521,50,56,0.893,7,79,86,51,21,7,23,48,326,202,32,4420,687,1669,299,854,388,815,281,340,38,325,363,244,85,28,152,311,1954,121,31,2545,393,982,169,496,224,486,175,212,19,223,242,178,41,21,105,167,1130,"2015-16",23,"ATL","NBA","SG",9,0,87,7,26,0.269,2,14,0.143,5,12,0.417,0.308,4,6,0.667,0,9,9,7,0,1,3,2,20,9,0,87,7,26,2,14,5,12,4,6,0,9,9,7,0,1,3,2,20,2016
5618130.15179998,4073627.7964268,7162632.50717316,5505618,9,"Tony Allen","SG",6.33333333333333,213,"January 11, 1982","us",12,"Oklahoma State University","http://www.basketball-reference.com/players/a/allento01.html",5505618,"2015-16",34,"MEM","NBA","SG",64,57,1620,215,469,0.458,15,42,0.357,200,427,0.468,0.474,90,138,0.652,104,192,296,70,110,18,78,175,535,727,375,15868,2270,4761,106,378,2164,4383,1262,1758,835,1611,2446,970,1032,305,999,1720,5908,127,98,3268,440,924,25,71,415,853,169,264,207,369,576,156,239,48,164,341,1074,"2015-16",34,"MEM","NBA","SG",4,2,94,10,33,0.303,1,7,0.143,9,26,0.346,0.318,9,13,0.692,6,5,11,3,5,2,6,11,30,112,50,2151,256,573,5,47,251,526,151,211,122,211,333,105,137,47,114,257,668,2016
1710761.63860839,1325368.67188643,2096154.60533035,3332940,30,"Troy Daniels","SG",6.33333333333333,205,"July 15, 1991","us",3,"Virginia Commonwealth University","http://www.basketball-reference.com/players/d/danietr01.html",3332940,"2015-16",24,"CHO","NBA","SG",43,0,476,89,187,0.476,59,122,0.484,30,65,0.462,0.634,5,9,0.556,7,50,57,21,11,3,24,40,242,95,1,948,165,383,114,265,51,118,16,22,15,79,94,48,17,4,47,86,460,90,0,873,150,352,102,240,48,112,16,22,15,75,90,43,17,4,44,80,418,"2015-16",24,"CHO","NBA","SG",4,0,18,1,8,0.125,0,3,0,1,5,0.2,0.125,0,0,0,0,2,2,0,0,0,0,2,2,8,0,86,10,25,8,18,2,7,5,5,3,8,11,1,2,0,2,12,33,2016
1472300.26601297,1009583.51196955,1935017.0200564,5628000,8,"Tyler Johnson","SG",6.33333333333333,186,"May 7, 1992","us",2,"California State University, Fresno","http://www.basketball-reference.com/players/j/johnsty01.html",5628000,"2015-16",23,"MIA","NBA","SG",36,5,863,118,243,0.486,27,71,0.38,91,172,0.529,0.541,51,64,0.797,28,81,109,79,24,14,47,66,314,68,7,1466,188,410,45,119,143,291,83,111,42,148,190,121,57,23,77,108,504,68,7,1466,188,410,45,119,143,291,83,111,42,148,190,121,57,23,77,108,504,"2015-16",23,"MIA","NBA","SG",5,0,61,5,11,0.455,3,6,0.5,2,5,0.4,0.591,8,11,0.727,2,5,7,8,1,0,2,8,21,5,0,61,5,11,3,6,2,5,8,11,2,5,7,8,1,0,2,8,21,2016
7032667.7933302,6112290.68354109,7953044.90311931,10203755,1,"Tyreke Evans","SG",6.5,220,"September 19, 1989","us",7,"University of Memphis","http://www.basketball-reference.com/players/e/evansty01.html",10203755,"2015-16",26,"NOP","NBA","SG",25,25,765,136,314,0.433,33,85,0.388,103,229,0.45,0.486,74,93,0.796,20,109,129,164,32,8,73,66,379,433,370,14445,2737,6139,267,928,2470,5211,1479,1954,410,1707,2117,2293,584,178,1193,1035,7220,104,101,3455,657,1479,102,312,555,1167,276,384,102,443,545,685,132,45,319,264,1692,"0",0,"0","0","0",0,0,0,0,0,0,0,0,0,0,0,0,0,0,0,0,0,0,0,0,0,0,0,0,0,4,4,125,14,43,2,11,12,32,10,17,3,17,20,20,5,1,6,10,40,2016
7798857.44677346,7277963.32455301,8319751.56899391,6552960,5,"Victor Oladipo","SG",6.33333333333333,210,"May 4, 1992","us",3,"Indiana University","http://www.basketball-reference.com/players/o/oladivi01.html",6552960,"2015-16",23,"ORL","NBA","SG",72,52,2379,425,970,0.438,98,282,0.348,327,688,0.475,0.489,205,247,0.83,48,297,345,282,116,54,153,174,1153,224,167,7439,1290,2992,256,756,1034,2236,715,885,142,834,976,904,365,110,613,571,3551,144,123,4952,898,2056,182,530,716,1526,467,567,99,548,647,577,236,73,357,361,2445,"0",0,"0","0","0",0,0,0,0,0,0,0,0,0,0,0,0,0,0,0,0,0,0,0,0,0,0,0,0,0,0,0,0,0,0,0,0,0,0,0,0,0,0,0,0,0,0,0,0,0,2016
8212175.19090469,7118353.60350788,9305996.77830149,4264057,15,"Vince Carter","SG",6.5,220,"January 26, 1977","us",18,"University of North Carolina","http://www.basketball-reference.com/players/c/cartevi01.html",4264057,"2015-16",39,"MEM","NBA","SG",60,3,1005,133,343,0.388,59,169,0.349,74,174,0.425,0.474,70,84,0.833,31,115,146,56,38,16,35,101,395,1274,954,41336,8683,19794,1937,5189,6746,14605,4666,5835,1555,4358,5913,4377,1361,774,2423,3505,23969,126,4,2096,268,749,128,401,140,348,115,141,58,221,279,135,81,30,78,203,779,"2015-16",39,"MEM","NBA","SG",4,4,91,15,33,0.455,7,10,0.7,8,23,0.348,0.561,8,8,1,5,10,15,5,2,1,3,9,45,82,60,2838,537,1298,111,332,426,966,353,445,127,330,457,286,92,47,158,242,1538,2016
4033226.53488976,3420309.45939497,4646143.61038455,923670,2,"Wayne Ellington","SG",6.33333333333333,200,"October 29, 1987","us",7,"University of North Carolina","http://www.basketball-reference.com/players/e/ellinwa01.html",923670,"2015-16",28,"BRK","NBA","SG",76,41,1615,218,561,0.389,96,268,0.358,122,293,0.416,0.474,54,63,0.857,20,154,174,83,48,5,45,82,586,453,112,8882,1225,2980,452,1201,773,1779,319,376,157,802,959,490,216,30,316,486,3221,141,77,3290,472,1178,186,511,286,667,106,127,51,333,384,188,81,7,95,159,1236,"0",0,"0","0","0",0,0,0,0,0,0,0,0,0,0,0,0,0,0,0,0,0,0,0,0,0,0,0,0,0,2,0,14,2,6,2,6,0,0,2,2,0,2,2,2,0,0,2,1,8,2016
8291378.2654932,7522346.43155349,9060410.09943292,17100000,23,"Wesley Matthews","SG",6.41666666666667,220,"October 14, 1986","us",7,"Marquette University","http://www.basketball-reference.com/players/m/matthwe02.html",17100000,"2015-16",29,"DAL","NBA","SF",78,78,2644,331,854,0.388,189,525,0.36,142,329,0.432,0.498,126,146,0.863,27,211,238,151,78,17,78,179,977,519,459,16862,2492,5730,1078,2786,1414,2944,1209,1458,305,1308,1613,1062,583,98,682,1154,7271,138,138,4668,668,1606,362,970,306,636,235,291,65,395,460,290,155,27,159,311,1933,"2015-16",29,"DAL","NBA","SF",5,5,173,20,60,0.333,10,35,0.286,10,25,0.4,0.417,15,19,0.789,4,14,18,6,6,0,4,14,65,32,32,1172,142,354,55,166,87,188,96,118,23,89,112,43,42,11,48,108,435,2016
3384574.32473375,2559154.11331521,4209994.53615229,3533333,5,"Will Barton","SG",6.5,175,"January 6, 1991","us",4,"University of Memphis","http://www.basketball-reference.com/players/b/bartowi01.html",3533333,"2015-16",25,"DEN","NBA","SG",82,1,2353,425,983,0.432,112,325,0.345,313,658,0.476,0.489,216,268,0.806,59,417,476,203,71,39,139,147,1178,254,6,4617,758,1801,154,508,604,1293,366,459,137,720,857,375,162,74,278,304,2036,140,1,3336,575,1336,135,410,440,926,290,362,85,553,638,284,119,58,200,217,1575,"0",0,"0","0","0",0,0,0,0,0,0,0,0,0,0,0,0,0,0,0,0,0,0,0,0,0,0,0,0,0,7,0,81,17,34,6,11,11,23,5,6,5,7,12,3,1,2,6,7,45,2016
4917311.87473615,4343678.02379919,5490945.72567311,2240880,8,"Zach LaVine","SG",6.41666666666667,189,"March 10, 1995","us",2,"University of California, Los Angeles","http://www.basketball-reference.com/players/l/lavinza01.html",2240880,"2015-16",20,"MIN","NBA","SG",82,33,2294,433,959,0.452,123,316,0.389,310,643,0.482,0.516,161,203,0.793,27,201,228,251,69,17,155,193,1150,159,73,4196,719,1636,180,483,539,1153,310,380,54,388,442,527,123,27,348,351,1928,159,73,4196,719,1636,180,483,539,1153,310,380,54,388,442,527,123,27,348,351,1928,"0",0,"0","0","0",0,0,0,0,0,0,0,0,0,0,0,0,0,0,0,0,0,0,0,0,0,0,0,0,0,0,0,0,0,0,0,0,0,0,0,0,0,0,0,0,0,0,0,0,0,2016
